id,carat,cut,color,clarity,depth,table,x,y,z,price
286,0.51,Ideal,G,SI2,62.6,57.0,5.08,5.12,3.2,1181
1797,0.5,Premium,D,VS2,61.0,59.0,5.13,5.1,3.12,1845
722,1.5,Very Good,F,SI2,62.6,60.0,7.15,7.18,4.49,8758
1424,1.01,Premium,E,SI2,59.0,59.0,6.59,6.55,3.88,3402
782,0.24,Very Good,E,VS2,61.9,59.0,3.96,3.99,2.46,367
1622,0.24,Ideal,D,VS1,61.5,58.0,4.0,4.03,2.46,455
1572,1.27,Premium,E,SI1,60.2,58.0,7.07,6.98,4.23,7362
1425,0.33,Very Good,F,VS2,61.6,57.0,4.48,4.52,2.78,579
1606,1.07,Ideal,G,VS2,61.7,57.0,6.61,6.57,4.05,6640
788,1.1,Good,H,SI1,60.9,62.0,6.6,6.64,4.03,4878
915,0.3,Good,G,VVS2,63.9,55.0,4.27,4.28,2.72,678
1007,0.4,Ideal,G,VVS1,60.8,57.0,4.79,4.82,2.92,1123
1193,0.41,Very Good,F,VS2,63.0,57.0,4.7,4.73,2.97,863
1210,0.71,Very Good,G,VS1,63.2,57.0,5.71,5.67,3.6,2551
609,0.42,Ideal,E,VVS2,61.7,56.0,4.82,4.78,2.96,1238
1235,0.57,Ideal,E,VS2,61.2,55.0,5.35,5.39,3.27,1689
780,0.7,Very Good,F,SI2,61.7,59.0,5.64,5.71,3.49,2405
1756,0.41,Ideal,F,VVS2,61.6,57.0,4.77,4.76,2.94,1115
987,2.02,Premium,H,SI1,62.5,59.0,8.07,7.99,5.03,17452
493,0.29,Ideal,F,VS2,62.6,57.0,4.2,4.24,2.64,607
1927,0.31,Ideal,E,VS2,60.8,57.0,4.41,4.38,2.67,773
277,0.9,Very Good,D,SI2,59.9,61.0,6.19,6.24,3.71,3656
1830,0.7,Very Good,H,SI1,62.6,57.0,5.61,5.68,3.53,2112
358,0.51,Ideal,G,IF,62.6,54.0,5.08,5.11,3.19,2176
1100,1.01,Good,G,SI1,63.7,59.0,6.28,6.31,4.02,4400
236,1.01,Very Good,F,SI2,62.8,56.0,6.36,6.4,4.0,4592
551,0.31,Ideal,F,SI1,61.3,55.0,4.39,4.35,2.68,618
1851,1.01,Premium,H,SI2,61.6,61.0,6.42,6.39,3.95,3838
1620,1.59,Premium,E,SI2,61.6,58.0,7.47,7.43,4.58,10396
208,0.9,Very Good,G,SI1,63.4,57.0,6.07,6.09,3.86,3673
1561,0.53,Ideal,E,VS1,62.5,55.0,5.15,5.2,3.23,2192
1545,1.2,Ideal,H,SI1,61.5,56.0,6.86,6.81,4.2,5758
58,0.52,Ideal,G,VVS2,61.8,57.0,5.19,5.17,3.2,1835
1569,1.51,Premium,J,VVS1,60.4,59.0,7.4,7.36,4.47,11113
1843,0.31,Ideal,F,IF,61.7,56.0,4.35,4.38,2.69,901
1562,0.3,Very Good,D,VS2,61.7,59.0,4.26,4.31,2.64,710
363,0.54,Ideal,H,SI1,62.3,54.0,5.23,5.28,3.27,1362
505,0.32,Premium,G,VVS1,61.3,59.0,4.4,4.43,2.7,1013
1578,1.51,Premium,H,VS2,60.6,61.0,7.38,7.31,4.44,10521
1111,0.7,Very Good,H,VS1,61.7,58.0,5.69,5.71,3.51,2274
1588,0.32,Very Good,E,SI1,61.3,55.0,4.41,4.47,2.71,596
1417,0.3,Very Good,G,VVS2,63.5,59.0,4.27,4.24,2.69,684
1813,1.21,Ideal,H,VS1,61.5,56.0,6.89,6.86,4.23,7404
1536,0.53,Ideal,E,SI1,61.8,55.0,5.22,5.2,3.22,1577
937,1.16,Ideal,H,VVS1,60.8,55.0,6.77,6.84,4.15,8467
118,1.06,Premium,E,SI2,60.9,59.0,6.58,6.56,4.02,4504
1237,1.16,Very Good,G,VS2,62.8,56.0,6.69,6.72,4.21,7500
1304,0.9,Premium,D,SI2,61.4,62.0,6.09,6.05,3.73,2958
522,0.33,Ideal,G,VS2,60.8,56.0,4.45,4.49,2.72,586
513,0.32,Ideal,F,VS2,62.2,55.0,4.41,4.37,2.73,645
81,2.02,Premium,G,SI2,61.3,59.0,8.17,8.08,4.99,16104
1324,0.54,Ideal,E,SI1,60.9,57.0,5.32,5.28,3.22,1548
1879,1.22,Ideal,H,SI1,62.6,56.0,6.83,6.78,4.26,5580
380,0.41,Ideal,E,VVS1,60.9,56.0,4.77,4.83,2.92,1436
1457,0.7,Good,D,SI2,60.7,62.0,5.69,5.72,3.46,2398
1673,1.02,Premium,H,SI1,60.1,59.0,6.44,6.37,3.84,4283
84,1.01,Very Good,G,SI1,62.4,59.0,6.34,6.37,3.97,4560
1662,0.78,Very Good,E,SI2,61.9,60.0,5.84,5.88,3.63,2655
329,0.51,Ideal,E,VS2,60.9,56.0,5.18,5.22,3.18,1654
6,0.74,Ideal,E,VS2,61.8,57.0,5.76,5.79,3.57,3229
1706,0.31,Ideal,G,SI2,62.2,55.0,4.32,4.34,2.7,452
1794,0.3,Good,G,VS1,63.8,59.0,4.23,4.26,2.71,565
1263,1.01,Very Good,H,SI1,63.4,58.0,6.34,6.38,4.03,4826
1582,0.7,Very Good,J,SI1,61.5,62.0,5.64,5.68,3.48,1922
451,1.02,Ideal,G,VS2,62.4,57.0,6.49,6.44,4.03,6451
490,1.05,Ideal,G,SI1,62.9,56.0,6.44,6.47,4.06,5105
1466,1.33,Premium,H,SI1,59.2,60.0,7.08,7.14,4.25,6237
287,0.76,Very Good,H,SI2,61.9,56.0,5.89,5.85,3.63,2337
1322,1.52,Very Good,F,SI2,62.9,59.9,7.26,7.28,4.57,7932
1966,0.4,Very Good,H,VS1,62.9,56.0,4.72,4.76,2.98,773
1764,0.5,Ideal,D,VS2,62.2,56.0,5.07,5.1,3.16,1857
1029,0.3,Ideal,E,VVS1,61.8,56.0,4.3,4.33,2.67,1044
1278,2.01,Very Good,G,SI2,60.7,62.0,8.09,8.17,4.93,12810
1233,0.32,Ideal,I,VS1,63.0,56.0,4.35,4.29,2.72,505
1686,0.3,Ideal,H,VVS1,61.5,57.0,4.28,4.31,2.64,665
781,1.01,Premium,E,SI1,62.5,59.0,6.42,6.36,3.99,4939
1976,1.11,Premium,E,VS2,60.9,57.0,6.7,6.65,4.07,6956
900,0.31,Ideal,I,SI1,62.0,56.0,4.33,4.31,2.68,388
1078,0.41,Premium,G,VS1,60.5,60.0,4.75,4.77,2.88,961
1635,0.42,Ideal,D,VS2,61.9,57.0,4.8,4.82,2.98,1031
327,0.31,Ideal,G,VVS1,60.4,56.0,4.38,4.44,2.67,789
442,2.01,Ideal,H,SI1,62.2,56.0,8.05,8.07,5.01,18493
1001,0.3,Premium,H,VS1,62.6,59.0,4.29,4.25,2.67,630
1431,1.0,Very Good,E,SI2,63.2,57.0,6.3,6.34,3.99,4730
904,0.52,Ideal,G,VS1,61.5,55.0,5.18,5.22,3.2,1618
857,0.7,Premium,G,VS1,60.8,57.0,5.78,5.8,3.52,2535
177,1.36,Ideal,I,SI2,62.3,57.0,7.01,7.09,4.4,5584
721,0.52,Ideal,D,SI1,61.5,57.0,5.17,5.19,3.19,1323
943,0.31,Ideal,F,VS2,62.2,55.0,4.35,4.33,2.7,802
86,0.32,Ideal,H,VS1,62.3,56.0,4.38,4.35,2.72,720
1394,2.01,Premium,H,SI2,62.5,60.0,7.98,8.04,4.99,13991
1881,0.5,Fair,F,VS1,62.6,66.0,5.05,5.08,3.16,1888
457,1.02,Premium,D,SI1,61.0,60.0,6.48,6.44,3.94,6025
1812,0.7,Ideal,G,SI1,60.1,57.0,5.75,5.78,3.45,2422
54,0.31,Ideal,F,VS2,62.3,55.0,4.35,4.37,2.71,696
1487,2.33,Very Good,I,VS2,61.6,58.0,8.47,8.56,5.21,16874
643,0.41,Ideal,G,SI1,61.5,53.0,4.8,4.82,2.96,754
677,2.05,Premium,H,SI2,59.8,60.0,8.32,8.37,4.97,11965
221,1.5,Good,G,SI2,60.5,59.0,7.35,7.39,4.46,9282
113,1.01,Very Good,D,SI2,63.1,58.0,6.36,6.4,4.03,4427
1816,0.41,Premium,D,VS1,60.8,60.0,4.78,4.81,2.91,1103
1216,1.01,Very Good,F,VS1,60.9,58.0,6.45,6.51,3.93,7192
1356,0.71,Very Good,E,VS2,58.9,58.0,5.83,5.87,3.44,2990
174,0.3,Ideal,F,VS2,61.9,55.0,4.31,4.28,2.66,776
765,0.7,Good,H,VS1,63.8,59.6,5.57,5.54,3.55,2180
589,0.51,Ideal,E,VS2,62.8,55.0,5.08,5.05,3.18,1692
1544,0.29,Ideal,I,VS1,61.3,56.0,4.3,4.32,2.64,504
18,1.01,Premium,G,VVS1,61.8,58.0,6.44,6.37,3.96,8701
423,0.58,Very Good,G,VS2,61.0,61.0,5.37,5.34,3.27,1641
1329,0.41,Premium,E,SI1,61.5,60.0,4.72,4.69,2.9,969
285,0.52,Ideal,E,VS2,62.5,57.0,5.15,5.17,3.23,1777
1568,0.44,Very Good,E,VVS2,60.6,57.0,4.9,4.94,2.99,1867
428,0.3,Good,G,VS1,63.6,56.0,4.24,4.27,2.7,605
1735,1.36,Very Good,J,SI1,62.0,57.0,7.1,7.14,4.4,5543
1331,2.01,Very Good,I,SI1,63.5,59.0,7.89,7.98,5.07,14220
669,1.0,Ideal,D,SI1,61.3,57.0,6.47,6.42,3.94,6062
31,0.9,Fair,F,SI1,66.8,58.0,6.05,5.99,3.97,2977
940,0.54,Ideal,G,VVS2,61.6,56.0,5.24,5.24,3.23,1841
1822,1.22,Premium,G,VS2,62.4,59.0,6.82,6.77,4.24,6947
214,2.18,Premium,H,SI2,61.3,58.0,8.26,8.34,5.09,16941
1769,0.29,Good,F,VS2,63.8,59.0,4.16,4.13,2.65,587
326,0.33,Ideal,E,VS2,62.0,55.0,4.42,4.39,2.73,928
560,0.41,Very Good,G,VS2,60.4,61.0,4.78,4.74,2.87,835
1102,1.01,Premium,G,VS1,61.3,62.0,6.37,6.39,3.91,6354
700,1.6,Ideal,G,VVS2,61.4,56.0,7.5,7.54,4.62,15102
733,0.7,Ideal,G,SI1,62.1,56.0,5.63,5.69,3.52,2414
1178,0.41,Ideal,E,VVS1,61.4,56.0,4.79,4.82,2.95,1334
341,1.03,Premium,D,SI2,62.4,58.0,6.45,6.37,4.0,4670
629,1.07,Premium,D,SI1,61.3,59.0,6.54,6.57,4.02,6366
147,0.7,Good,D,VVS2,64.0,55.0,5.55,5.63,3.58,2527
1309,2.01,Premium,H,VS2,60.1,60.0,8.02,7.96,4.84,16239
360,0.3,Ideal,D,VS2,61.7,56.0,4.3,4.33,2.66,710
83,1.54,Premium,G,VS1,62.4,59.0,7.37,7.35,4.6,12388
48,0.42,Ideal,G,VS1,61.6,56.0,4.82,4.85,2.98,877
468,1.06,Ideal,G,SI1,61.9,56.0,6.57,6.54,4.06,5292
155,1.29,Very Good,H,SI1,63.1,56.0,6.88,6.81,4.32,6533
756,0.35,Ideal,H,VVS1,62.3,57.0,4.52,4.49,2.81,816
1834,0.54,Ideal,G,VS2,62.0,55.0,5.26,5.2,3.25,1786
1189,0.43,Ideal,E,VS2,60.9,57.0,4.88,4.9,2.98,1048
1593,1.54,Premium,E,SI1,59.9,59.0,7.5,7.54,4.49,10137
1876,0.72,Ideal,I,VS1,61.4,56.0,5.83,5.77,3.56,2375
1615,1.71,Premium,F,SI1,62.2,58.0,7.67,7.61,4.75,12576
500,0.38,Ideal,H,SI1,61.5,57.0,4.66,4.7,2.88,717
1196,0.86,Ideal,H,SI1,61.8,56.0,6.09,6.12,3.77,3266
179,0.7,Very Good,F,SI1,62.8,58.0,5.64,5.67,3.55,2688
1047,0.35,Ideal,F,SI1,62.4,56.0,4.5,4.52,2.82,748
1004,1.6,Premium,H,SI1,62.4,58.0,7.48,7.5,4.66,8698
774,1.34,Premium,I,I1,62.8,57.0,7.0,7.01,4.42,3956
1943,0.53,Ideal,E,SI2,62.0,54.0,5.24,5.21,3.24,1270
1604,0.41,Premium,J,VVS1,61.6,59.0,4.73,4.76,2.92,827
528,0.51,Ideal,G,VS1,61.7,55.0,5.18,5.16,3.19,1813
346,0.55,Very Good,G,SI1,62.9,57.0,5.2,5.23,3.28,1305
1477,0.72,Very Good,E,VS2,61.4,56.0,5.76,5.79,3.54,2921
1941,0.56,Ideal,G,VS2,62.4,57.0,5.32,5.28,3.3,1664
1041,1.2,Very Good,E,SI1,62.8,58.0,6.7,6.8,4.21,6774
1953,1.02,Very Good,J,SI2,63.5,57.0,6.36,6.4,4.05,3391
988,1.2,Very Good,D,SI1,63.5,57.0,6.68,6.63,4.21,5865
601,0.7,Ideal,G,VVS1,62.4,56.0,5.67,5.7,3.55,3121
1040,0.7,Ideal,D,SI1,61.0,56.0,5.76,5.78,3.52,2726
243,0.4,Ideal,D,VS2,60.9,57.0,4.74,4.78,2.9,1033
1805,1.02,Ideal,H,VS2,60.9,56.0,6.5,6.53,3.97,5771
1058,1.32,Ideal,H,SI1,62.1,57.0,7.03,6.99,4.35,6728
1461,0.31,Ideal,D,VS2,61.9,55.0,4.32,4.36,2.69,734
312,1.4,Premium,H,SI1,61.8,59.0,7.16,7.14,4.41,7225
435,1.32,Very Good,G,VVS1,61.8,60.0,7.04,6.99,4.33,12787
1880,0.75,Ideal,G,VS1,62.6,56.0,5.81,5.83,3.64,3639
1298,0.55,Premium,G,SI1,62.5,58.0,5.26,5.22,3.27,1349
308,0.72,Premium,I,VVS2,61.1,58.0,5.77,5.79,3.53,2535
430,0.3,Ideal,D,VS2,62.2,57.0,4.32,4.36,2.7,710
660,0.9,Ideal,H,SI1,61.7,56.0,6.13,6.16,3.8,4042
370,0.5,Premium,E,VS2,60.3,61.0,5.13,5.1,3.08,1333
566,0.4,Good,E,SI1,63.5,57.0,4.68,4.71,2.97,708
1428,0.7,Ideal,G,VS2,61.8,54.0,5.71,5.76,3.54,3494
181,0.74,Ideal,E,SI2,62.7,54.0,5.8,5.84,3.64,2592
976,0.31,Ideal,G,VVS2,61.8,55.0,4.37,4.4,2.72,749
621,0.43,Ideal,E,VVS1,61.4,57.0,4.85,4.9,2.99,1333
1613,0.9,Very Good,F,SI1,61.9,58.0,6.1,6.15,3.78,4170
1181,0.31,Ideal,E,VVS1,60.6,60.0,4.39,4.42,2.67,887
930,1.13,Premium,E,SI1,62.2,58.0,6.64,6.68,4.15,6071
1407,0.42,Premium,F,VVS2,60.8,59.0,4.82,4.85,2.94,1232
1824,0.4,Ideal,G,SI1,62.1,57.0,4.71,4.64,2.91,700
1856,0.7,Ideal,F,SI2,61.3,56.0,5.75,5.78,3.53,1642
296,0.5,Premium,I,VVS2,62.4,58.0,5.14,5.01,3.17,1239
881,0.91,Premium,E,SI2,62.0,59.0,6.1,6.12,3.78,3703
461,1.12,Premium,H,VS1,62.8,57.0,6.65,6.59,4.16,6976
1288,0.31,Very Good,G,SI1,62.9,59.0,4.27,4.32,2.7,476
1165,0.99,Fair,G,SI2,59.5,66.0,6.37,6.48,3.8,3538
377,0.38,Ideal,F,VVS2,61.4,56.0,4.68,4.71,2.89,1240
1649,0.3,Very Good,G,IF,62.4,57.0,4.23,4.26,2.65,895
105,1.25,Premium,H,VS2,62.6,59.0,6.88,6.83,4.29,7385
126,1.02,Ideal,G,SI1,62.2,55.0,6.44,6.47,4.01,4793
1120,2.21,Premium,D,SI2,61.2,58.0,8.38,8.34,5.12,17685
819,1.51,Very Good,D,VS2,62.2,56.0,7.36,7.31,4.56,16087
355,1.65,Premium,G,SI2,61.3,59.0,7.59,7.55,4.66,10789
1601,0.3,Ideal,F,VS2,62.2,57.0,4.27,4.29,2.66,605
682,1.08,Very Good,D,SI2,63.2,57.0,6.47,6.54,4.12,4584
1187,1.06,Very Good,F,SI2,61.2,59.0,6.6,6.56,4.03,4936
1566,0.44,Ideal,D,VVS1,62.6,57.0,4.83,4.86,3.03,1395
209,1.16,Ideal,J,VS1,61.8,56.0,6.72,6.79,4.17,5210
1671,0.4,Ideal,D,VS2,61.6,56.0,4.72,4.74,2.91,1005
140,0.52,Very Good,F,VS2,62.5,59.0,5.11,5.13,3.2,1389
1423,0.42,Very Good,F,SI1,61.5,57.0,4.78,4.81,2.95,926
1385,1.57,Very Good,J,VS2,62.6,58.0,7.43,7.4,4.65,9078
1050,0.32,Ideal,D,VS2,61.7,56.0,4.41,4.45,2.73,829
1559,0.9,Very Good,D,SI1,62.1,57.0,6.19,6.16,3.83,5033
1085,0.7,Ideal,F,SI1,62.0,56.0,5.65,5.69,3.52,2512
1665,2.14,Ideal,I,VS2,61.7,57.0,8.32,8.28,5.11,16985
711,0.38,Ideal,D,VS1,62.2,54.0,4.66,4.63,2.89,941
1252,0.52,Ideal,D,SI1,61.8,57.0,5.12,5.16,3.18,1600
1323,1.22,Ideal,G,VVS2,62.3,56.0,6.89,6.82,4.27,9316
1114,1.56,Premium,H,VS1,61.8,59.0,7.46,7.4,4.59,12377
10,1.01,Very Good,G,VS2,63.1,57.0,6.4,6.34,4.03,5914
1679,1.09,Ideal,G,VS2,62.5,58.0,6.6,6.56,4.11,6566
1113,0.3,Good,G,VVS2,63.5,57.0,4.28,4.3,2.72,878
282,0.76,Very Good,H,SI2,59.6,58.0,5.92,5.96,3.55,2372
810,1.14,Premium,H,SI1,62.3,59.0,6.67,6.73,4.17,5712
1940,0.3,Ideal,E,VVS1,62.0,55.0,4.3,4.33,2.68,826
291,0.28,Ideal,I,VS1,62.5,54.0,4.15,4.18,2.61,448
754,0.54,Ideal,F,VS2,61.6,56.0,5.22,5.24,3.22,1556
626,1.03,Premium,F,VS1,62.3,59.0,6.44,6.39,4.0,7632
921,0.81,Good,H,VS1,63.8,60.0,5.94,5.89,3.77,2905
841,0.28,Premium,E,VVS2,60.6,58.0,4.27,4.25,2.57,828
129,0.7,Ideal,H,VS2,61.2,55.0,5.72,5.75,3.52,2574
1164,2.0,Premium,F,SI2,60.5,59.0,8.09,8.14,4.93,16025
323,0.55,Premium,E,VS2,61.6,58.0,5.28,5.23,3.23,1786
1080,1.02,Premium,F,VVS1,62.9,58.0,6.37,6.33,4.01,9384
824,0.9,Ideal,G,SI2,61.2,57.0,6.21,6.23,3.8,3521
941,0.32,Very Good,E,SI2,63.1,56.0,4.35,4.28,2.72,576
1848,0.51,Very Good,G,VS1,62.8,58.0,5.06,5.09,3.19,1660
845,2.08,Ideal,F,SI2,59.3,57.0,8.35,8.27,4.94,17448
1541,0.72,Ideal,J,SI1,61.4,57.0,5.75,5.77,3.53,1923
695,0.38,Ideal,E,SI1,61.9,56.0,4.65,4.7,2.89,755
215,0.43,Ideal,D,VVS2,61.9,56.0,4.84,4.87,3.01,1352
1033,0.4,Very Good,D,VS2,62.8,55.0,4.68,4.7,2.95,1050
1247,0.6,Ideal,H,SI1,62.4,55.0,5.36,5.42,3.35,1202
158,0.33,Ideal,I,VVS2,62.0,57.0,4.41,4.38,2.72,579
1574,0.45,Ideal,I,VVS1,61.6,55.0,4.9,4.96,3.03,912
966,1.08,Premium,G,VS1,59.6,59.0,6.79,6.74,4.01,7972
634,1.08,Ideal,D,SI2,62.1,56.0,6.55,6.52,4.06,4898
516,0.23,Very Good,F,VS2,60.5,58.0,3.99,4.03,2.42,403
1414,0.5,Very Good,F,VS1,62.9,57.0,5.06,5.08,3.19,1838
1506,0.4,Very Good,E,VS1,63.1,54.0,4.73,4.7,2.98,1053
597,1.11,Premium,H,SI1,62.0,58.0,6.67,6.6,4.12,5506
195,0.82,Very Good,I,SI2,62.9,57.0,5.99,5.95,3.74,2698
1628,0.72,Very Good,G,VS1,63.3,53.0,5.69,5.72,3.62,2441
849,0.36,Very Good,G,SI1,62.5,57.0,4.51,4.55,2.83,597
410,0.34,Ideal,E,SI1,61.9,54.0,4.51,4.48,2.78,714
96,0.27,Ideal,H,VS1,62.4,54.0,4.16,4.19,2.6,419
978,0.72,Premium,F,SI2,61.7,62.0,5.75,5.7,3.54,2309
1315,0.39,Premium,E,VS2,60.4,59.0,4.76,4.71,2.86,1090
156,0.28,Good,F,VVS1,58.5,61.0,4.28,4.32,2.53,482
419,1.01,Premium,H,SI1,62.1,58.0,6.43,6.39,3.98,4795
1786,0.43,Ideal,F,VVS2,61.9,55.0,4.83,4.87,3.0,1263
477,1.25,Premium,G,VS1,60.6,58.0,7.03,6.95,4.23,9355
1124,1.21,Ideal,G,VVS2,61.2,57.0,6.89,6.86,4.21,9804
668,1.5,Very Good,G,VVS2,62.8,59.0,7.27,7.32,4.59,13904
1054,0.59,Ideal,G,SI1,62.3,55.0,5.34,5.38,3.34,1343
1854,0.7,Premium,D,VS2,63.0,59.0,5.62,5.59,3.55,2770
1285,0.23,Ideal,I,VVS2,61.9,55.0,3.94,3.96,2.43,414
447,1.01,Premium,F,SI1,63.0,58.0,6.35,6.31,3.99,4395
553,2.01,Good,I,VS2,63.6,59.0,7.95,7.89,5.04,16316
178,0.5,Ideal,H,VS2,61.6,57.0,5.11,5.13,3.15,1312
390,0.7,Ideal,G,SI1,61.7,55.0,5.67,5.7,3.51,2224
578,0.84,Very Good,G,SI1,60.3,61.0,6.07,6.1,3.69,3435
985,0.44,Premium,D,SI1,61.9,59.0,4.86,4.88,3.02,990
1691,0.33,Ideal,E,VVS1,61.7,56.0,4.46,4.51,2.77,1097
1273,1.01,Premium,G,SI2,62.2,58.0,6.39,6.34,3.96,3918
1629,0.53,Ideal,D,VS2,61.9,56.0,5.22,5.2,3.23,1919
1942,1.26,Premium,H,VS2,62.4,58.0,6.89,6.87,4.29,5952
820,1.56,Good,E,SI2,61.5,63.0,7.39,7.42,4.56,7999
1013,0.31,Ideal,G,VVS1,62.3,56.0,4.4,4.36,2.72,1046
962,0.4,Fair,E,SI1,64.7,55.0,4.7,4.67,3.01,882
1403,1.03,Premium,H,VVS1,61.6,59.0,6.51,6.45,3.98,7372
664,0.26,Very Good,E,VVS1,61.7,58.0,4.08,4.11,2.53,620
142,0.31,Ideal,F,IF,61.7,56.0,4.37,4.38,2.7,914
1502,0.7,Ideal,H,SI1,62.7,57.0,5.66,5.69,3.56,2157
1608,0.41,Ideal,G,VS2,61.6,55.0,4.81,4.84,2.97,1061
864,0.78,Ideal,H,VS1,62.3,56.0,5.88,5.92,3.67,3447
421,0.74,Ideal,F,SI1,61.7,56.0,5.83,5.77,3.57,2677
636,0.41,Very Good,F,VVS1,62.1,57.0,4.75,4.79,2.96,1105
1392,1.01,Premium,G,VS2,62.3,59.0,6.43,6.38,3.99,5510
799,0.53,Ideal,G,VS1,61.5,57.0,5.19,5.23,3.19,1710
1057,0.41,Ideal,I,VVS2,61.5,57.0,4.74,4.79,2.93,829
615,0.51,Good,E,VS2,63.3,57.0,5.09,5.13,3.23,1454
294,0.29,Very Good,G,VS2,59.2,62.0,4.33,4.35,2.57,650
903,1.51,Ideal,F,SI1,61.9,56.0,7.37,7.4,4.56,12308
1208,1.5,Premium,G,SI2,62.6,59.0,7.28,7.22,4.54,8319
1884,0.74,Ideal,G,VS1,61.3,57.0,5.85,5.85,3.59,2964
88,2.01,Ideal,I,SI1,60.3,59.0,8.18,8.25,4.96,15930
41,0.3,Ideal,D,VS2,61.3,59.0,4.33,4.31,2.64,911
1785,0.3,Ideal,G,VS1,62.3,55.0,4.3,4.32,2.68,672
1914,0.57,Ideal,I,VS2,61.2,57.0,5.33,5.37,3.26,1323
131,0.33,Ideal,G,VS1,62.0,56.0,4.47,4.41,2.75,828
979,0.71,Ideal,I,SI2,62.5,56.0,5.68,5.73,3.56,1774
1232,0.73,Ideal,G,VS2,61.3,55.0,5.83,5.85,3.58,3547
1563,0.23,Very Good,E,VVS1,62.6,55.0,3.93,3.96,2.47,505
1838,0.41,Ideal,G,SI1,61.4,56.0,4.82,4.8,2.95,990
1330,0.77,Ideal,F,VS1,61.4,56.0,5.91,5.95,3.64,3838
1798,0.72,Ideal,G,VVS2,61.5,57.0,5.75,5.78,3.55,2993
164,0.33,Ideal,G,VVS1,61.6,55.0,4.47,4.51,2.76,772
724,1.5,Premium,G,VVS2,59.8,60.0,7.39,7.49,4.45,15498
290,0.7,Very Good,G,VS2,60.6,60.0,5.72,5.75,3.47,2507
1131,0.73,Very Good,H,SI1,61.7,57.0,5.75,5.8,3.56,2600
1731,0.71,Premium,E,SI1,60.7,58.0,5.76,5.82,3.52,2515
1878,0.51,Very Good,G,VS1,62.8,56.0,5.07,5.1,3.19,1656
1660,0.55,Premium,F,VS1,59.7,58.0,5.36,5.33,3.18,1600
1347,0.71,Good,D,SI2,63.6,61.0,5.68,5.65,3.6,2068
778,0.5,Good,H,SI1,63.4,57.0,5.06,5.01,3.19,1065
839,0.57,Ideal,G,IF,61.6,55.0,5.35,5.38,3.3,2491
348,1.0,Premium,G,SI2,60.1,57.0,6.48,6.52,3.92,3801
1925,0.35,Premium,E,SI1,60.7,60.0,4.56,4.52,2.75,788
571,1.0,Good,E,SI2,60.5,61.0,6.46,6.42,3.9,4258
1600,0.33,Premium,G,VS1,60.0,60.0,4.47,4.5,2.69,666
1869,0.32,Ideal,E,VS2,61.9,56.0,4.43,4.38,2.73,900
1454,1.01,Very Good,D,SI1,62.8,58.0,6.34,6.39,3.99,4853
1576,0.27,Very Good,E,VS1,61.9,59.0,4.16,4.21,2.59,470
1303,1.62,Premium,G,SI1,60.6,59.0,7.62,7.58,4.62,11263
1491,2.01,Premium,H,SI1,62.5,60.0,7.98,8.04,5.0,16280
458,1.03,Ideal,G,VS1,62.3,57.0,6.46,6.49,4.03,8341
375,0.3,Ideal,D,VVS2,61.7,57.0,4.31,4.28,2.65,858
1328,1.01,Premium,H,SI1,60.8,59.0,6.49,6.52,3.95,4242
333,2.02,Ideal,I,SI1,61.7,57.0,8.12,8.06,5.0,16123
1526,0.3,Very Good,H,VS2,63.4,57.0,4.25,4.24,2.69,491
1744,1.04,Premium,H,SI2,62.6,59.0,6.42,6.46,4.03,4452
1736,0.31,Ideal,E,VS2,60.6,57.0,4.4,4.42,2.68,627
816,1.25,Ideal,J,VS1,60.2,57.0,6.98,7.02,4.23,5604
1720,0.52,Ideal,F,VS1,62.2,55.0,5.16,5.19,3.22,1600
982,0.72,Very Good,F,VS1,63.2,57.0,5.68,5.7,3.59,3061
1840,0.59,Ideal,D,SI1,62.2,59.0,5.38,5.43,3.36,1692
1624,0.3,Premium,H,VS1,61.8,59.0,4.33,4.28,2.66,630
994,0.3,Premium,I,VS1,61.8,59.0,4.33,4.31,2.67,608
910,0.31,Premium,G,VS2,62.8,58.0,4.33,4.3,2.71,698
1910,1.53,Ideal,I,VS2,61.9,56.0,7.37,7.44,4.57,9292
1922,1.02,Ideal,H,SI1,60.7,56.0,6.58,6.51,3.98,4812
328,1.01,Very Good,H,SI1,61.6,61.0,6.42,6.4,3.94,4558
1053,0.42,Ideal,G,VS1,60.5,57.0,4.84,4.81,2.91,917
318,1.34,Ideal,H,VS1,62.3,54.8,7.05,7.07,4.42,8701
1956,1.0,Premium,E,SI1,59.1,60.0,6.56,6.58,3.88,5177
1344,0.41,Ideal,I,VVS2,61.6,57.0,4.81,4.77,2.94,1046
1716,1.02,Ideal,D,SI2,62.2,56.0,6.43,6.46,4.02,4524
167,0.56,Premium,G,SI1,60.4,58.0,5.36,5.32,3.24,1207
12,1.01,Good,D,SI1,63.1,56.0,6.41,6.35,4.03,5703
1907,0.26,Premium,G,SI1,61.9,59.0,4.11,4.14,2.55,391
171,0.5,Premium,E,SI1,62.6,57.0,5.07,5.06,3.17,1155
649,0.42,Premium,I,VS1,60.6,60.0,4.84,4.8,2.92,945
1052,0.7,Very Good,E,SI1,62.1,56.0,5.64,5.68,3.52,2150
260,2.2,Very Good,H,SI1,60.2,61.0,8.49,8.45,5.08,18363
1202,0.35,Premium,G,VS1,61.8,58.0,4.53,4.54,2.8,735
1395,0.31,Ideal,E,VVS2,61.6,56.0,4.41,4.43,2.72,789
901,0.7,Very Good,F,VS2,62.0,59.0,5.68,5.74,3.54,2691
672,1.2,Very Good,I,SI2,63.5,56.0,6.75,6.71,4.29,5331
258,0.31,Ideal,G,VVS1,62.4,55.0,4.31,4.35,2.7,789
844,1.51,Good,H,VS1,63.7,55.0,7.28,7.25,4.63,9298
867,0.9,Fair,H,VVS2,64.8,56.0,6.06,6.09,3.9,3734
1645,0.25,Very Good,F,VS1,62.9,56.0,4.02,4.04,2.54,436
138,2.22,Premium,H,SI1,62.3,58.0,8.29,8.33,5.17,16390
893,0.5,Good,F,VS2,63.1,58.0,5.03,5.08,3.18,1436
1821,0.57,Ideal,I,SI1,61.7,57.0,5.33,5.37,3.3,1142
549,0.31,Ideal,G,IF,62.1,54.0,4.38,4.4,2.73,863
319,0.7,Ideal,F,SI1,61.6,57.0,5.71,5.74,3.53,2559
1512,0.52,Good,E,SI1,63.7,57.0,5.11,5.09,3.24,1316
1960,0.41,Ideal,G,VS1,61.9,57.0,4.8,4.76,2.96,961
1239,1.0,Ideal,E,SI1,61.0,57.0,6.46,6.41,3.92,5356
558,0.34,Very Good,G,VS2,61.5,61.0,4.46,4.49,2.75,596
139,1.51,Premium,F,VS2,60.6,60.0,7.37,7.32,4.45,15649
1718,0.3,Ideal,I,SI1,61.9,57.0,4.28,4.31,2.66,422
531,0.5,Very Good,E,VS2,63.1,56.0,5.02,5.05,3.18,1439
224,1.74,Ideal,G,SI1,62.4,57.0,7.74,7.78,4.85,16587
723,0.38,Ideal,D,VVS1,60.6,56.0,4.7,4.72,2.85,1400
786,0.77,Very Good,H,SI2,61.9,58.0,5.83,5.89,3.62,2280
1702,0.72,Premium,F,VS2,61.1,59.0,5.79,5.76,3.53,2862
984,0.3,Ideal,F,VVS2,61.3,57.0,4.34,4.38,2.68,737
409,2.0,Very Good,H,SI1,63.4,59.0,8.01,7.93,5.05,15874
325,0.41,Very Good,D,VS2,63.2,58.0,4.68,4.71,2.96,942
1783,0.55,Very Good,E,SI1,63.5,56.0,5.2,5.24,3.31,1549
299,0.7,Premium,F,SI2,60.5,60.0,5.76,5.73,3.48,2333
1712,1.0,Very Good,G,VVS2,62.2,60.0,6.34,6.41,3.97,8442
1468,1.71,Very Good,G,VS2,62.8,58.0,7.54,7.58,4.75,16389
25,0.4,Very Good,F,VS1,62.3,54.0,4.69,4.73,2.93,905
1921,0.51,Ideal,H,VS1,62.6,55.0,5.09,5.14,3.21,1546
714,1.2,Premium,G,SI2,61.5,58.0,6.91,6.83,4.22,5610
986,0.73,Very Good,E,SI1,62.5,58.0,5.73,5.75,3.59,2609
193,0.73,Very Good,I,VS2,63.2,57.0,5.7,5.75,3.62,2145
440,0.33,Ideal,F,VVS1,61.6,56.0,4.44,4.47,2.74,877
573,1.18,Premium,G,VS1,62.4,60.0,6.73,6.77,4.2,8709
946,2.09,Premium,I,SI1,60.9,59.0,8.21,8.26,5.01,14752
503,0.32,Ideal,F,VS2,62.1,56.0,4.43,4.38,2.74,828
605,0.32,Ideal,G,VVS1,62.4,53.0,4.39,4.42,2.75,843
1161,1.05,Ideal,E,SI1,62.8,57.0,6.47,6.52,4.07,6098
1849,1.05,Premium,H,SI1,59.8,59.0,6.66,6.61,3.95,4641
1770,0.31,Ideal,F,VVS2,61.8,57.0,4.33,4.35,2.68,789
846,0.71,Ideal,H,VVS2,61.8,55.0,5.73,5.76,3.55,2981
3,0.32,Ideal,G,VS1,61.6,56.0,4.38,4.41,2.71,666
1138,0.74,Ideal,I,VVS1,62.3,57.0,5.77,5.8,3.6,2927
1211,1.29,Premium,I,VS1,59.2,60.0,7.05,7.02,4.22,6982
467,0.9,Premium,D,SI1,61.6,60.0,6.25,6.21,3.83,4182
321,0.31,Very Good,D,SI1,62.8,58.0,4.28,4.3,2.7,732
5,1.51,Very Good,J,SI1,62.8,58.0,7.34,7.29,4.59,7506
222,1.56,Good,D,VS2,61.6,58.0,7.52,7.48,4.62,15231
1360,0.38,Ideal,G,VS1,62.0,54.0,4.66,4.69,2.89,891
547,1.0,Premium,F,VS2,60.4,56.0,6.42,6.46,3.89,6138
228,0.32,Ideal,F,VVS1,62.1,54.0,4.41,4.45,2.76,863
39,0.4,Ideal,D,SI1,61.6,56.0,4.74,4.77,2.93,791
542,0.41,Ideal,I,VS1,61.4,55.0,4.82,4.8,2.95,969
242,0.51,Premium,H,VVS1,62.2,57.0,5.14,5.09,3.18,1881
898,1.01,Ideal,D,SI1,60.3,59.0,6.56,6.5,3.94,6460
1548,0.33,Ideal,G,VVS1,61.0,56.0,4.49,4.52,2.74,799
136,1.0,Good,H,SI2,65.3,59.0,6.27,6.21,4.08,4199
1855,1.01,Very Good,D,SI2,63.1,57.0,6.42,6.37,4.03,4315
1739,0.25,Ideal,H,VVS1,61.8,55.0,4.08,4.12,2.54,576
1557,1.51,Very Good,H,SI2,63.0,57.0,7.3,7.28,4.59,8464
1010,1.51,Premium,H,VS2,62.6,58.0,7.26,7.22,4.53,10863
829,0.3,Ideal,I,VS2,61.0,56.0,4.33,4.36,2.65,407
445,0.5,Very Good,G,SI2,64.2,58.0,5.03,4.96,3.2,1133
842,0.46,Premium,E,VVS2,62.6,59.0,4.95,4.88,3.07,1337
1272,0.76,Premium,E,SI2,59.8,57.0,5.95,5.88,3.54,2310
1404,1.01,Ideal,F,IF,61.1,56.0,6.47,6.5,3.95,10800
1659,0.7,Premium,H,VS1,61.4,60.0,5.72,5.68,3.49,2501
1808,1.5,Fair,G,SI2,68.3,58.0,6.85,6.73,4.79,6382
581,0.51,Very Good,D,SI1,61.8,59.0,5.1,5.13,3.16,1684
1868,0.7,Good,H,SI2,64.2,60.0,5.61,5.58,3.57,2001
1950,1.01,Premium,F,SI2,58.9,61.0,6.58,6.46,3.85,3917
661,0.4,Ideal,G,VVS1,61.4,56.0,4.76,4.79,2.93,1068
436,0.31,Ideal,I,VS2,62.1,55.0,4.39,4.37,2.72,558
1839,0.41,Premium,D,VS2,61.3,58.0,4.78,4.82,2.95,1077
376,1.11,Ideal,D,SI2,61.5,56.0,6.69,6.64,4.1,5645
1701,0.51,Premium,G,VS2,60.8,58.0,5.2,5.12,3.14,1546
965,2.01,Premium,H,SI2,62.7,58.0,7.94,8.01,5.0,15109
1924,1.01,Good,F,SI2,63.6,58.0,6.32,6.36,4.03,4260
314,0.42,Ideal,H,VVS2,62.6,56.0,4.81,4.76,2.99,1116
691,0.54,Ideal,H,SI1,61.7,56.0,5.22,5.26,3.23,1219
1489,0.52,Ideal,D,SI1,61.7,56.0,5.13,5.16,3.18,1600
424,0.9,Good,D,SI2,62.5,63.0,6.09,6.12,3.81,3730
594,0.3,Ideal,D,SI1,62.0,56.0,4.28,4.3,2.66,552
1944,0.51,Premium,D,VVS1,60.5,58.0,5.22,5.17,3.15,1793
622,1.01,Premium,E,SI1,61.5,58.0,6.38,6.35,3.92,5226
1159,0.29,Ideal,G,VS2,61.3,56.0,4.26,4.28,2.62,605
1034,0.42,Premium,D,VS1,62.1,58.0,4.83,4.78,2.98,1065
227,0.41,Premium,F,VVS2,62.8,58.0,4.73,4.71,2.96,1115
1107,1.02,Ideal,H,SI1,59.7,57.0,6.56,6.63,3.94,5519
1317,0.3,Ideal,H,VS2,62.5,56.0,4.26,4.29,2.68,491
1087,0.32,Premium,E,SI2,61.5,59.0,4.39,4.43,2.71,576
66,1.06,Ideal,E,VVS2,61.9,57.0,6.52,6.56,4.05,10378
24,0.7,Ideal,F,SI1,61.8,54.0,5.71,5.73,3.54,2473
144,1.27,Premium,G,VS2,61.1,58.0,6.95,6.99,4.27,8291
536,0.91,Premium,G,VS2,62.0,58.0,6.21,6.13,3.83,4106
811,1.05,Premium,G,SI1,62.2,58.0,6.51,6.47,4.04,5407
1436,1.5,Premium,H,VS2,62.0,59.0,7.32,7.27,4.52,11007
85,1.0,Premium,I,VS2,62.2,59.0,6.43,6.36,3.97,4685
1418,0.33,Premium,G,VVS2,60.7,59.0,4.48,4.51,2.73,752
1061,0.4,Ideal,G,VVS2,62.2,56.0,4.76,4.77,2.96,1050
1788,0.37,Ideal,F,VS1,62.4,54.0,4.61,4.64,2.89,741
1801,1.05,Good,D,VS2,63.8,56.0,6.41,6.46,4.1,6579
1358,0.74,Very Good,G,SI1,62.0,56.0,5.81,5.84,3.61,2749
1133,0.41,Ideal,G,VS2,61.8,57.0,4.74,4.79,2.95,1061
362,0.31,Ideal,D,VS2,62.2,55.0,4.34,4.37,2.71,758
1596,0.3,Ideal,F,SI1,62.3,57.0,4.31,4.34,2.69,612
1901,0.5,Ideal,E,VS2,62.9,57.0,5.08,5.05,3.18,1746
1026,0.32,Good,H,VVS2,63.5,56.0,4.33,4.35,2.75,639
1030,0.26,Premium,E,VS1,59.7,60.0,4.19,4.22,2.51,489
1206,0.71,Ideal,E,VS2,62.6,55.0,5.69,5.74,3.58,3347
1341,0.32,Ideal,H,VS2,62.3,55.0,4.42,4.38,2.74,648
1063,2.03,Ideal,D,SI2,61.3,55.0,8.12,8.16,4.99,13462
665,0.58,Ideal,F,VS1,61.1,56.0,5.39,5.42,3.3,1800
364,0.33,Ideal,I,VVS2,61.9,56.0,4.42,4.39,2.72,743
77,0.41,Ideal,E,SI2,62.8,56.0,4.74,4.72,2.97,876
27,0.5,Ideal,E,VS1,61.4,54.0,5.13,5.18,3.17,1778
1422,0.7,Very Good,F,SI2,61.3,58.0,5.68,5.7,3.48,2092
525,1.01,Very Good,E,SI2,62.5,57.0,6.33,6.37,3.99,4925
1818,1.11,Premium,F,SI2,61.8,59.0,6.59,6.68,4.09,4861
55,0.7,Very Good,G,VS2,63.0,56.0,5.66,5.69,3.58,2530
638,0.73,Ideal,E,SI1,61.7,57.0,5.83,5.77,3.58,2578
302,1.51,Premium,H,SI1,62.7,58.0,7.3,7.26,4.57,13299
718,0.34,Ideal,I,SI1,61.4,55.0,4.55,4.51,2.78,574
624,0.4,Premium,E,VS2,60.8,58.0,4.8,4.77,2.91,838
7,1.34,Premium,G,SI2,62.5,57.0,7.0,7.05,4.38,6224
803,0.32,Ideal,G,VVS1,62.1,56.0,4.37,4.35,2.71,814
1049,1.27,Premium,I,VS1,59.2,60.0,7.16,7.13,4.23,8596
336,0.4,Ideal,F,SI2,62.0,54.0,4.77,4.73,2.95,694
47,0.3,Premium,F,VS2,62.2,59.0,4.33,4.29,2.68,524
1465,1.02,Premium,H,SI1,62.8,58.0,6.45,6.34,4.0,4246
106,1.07,Ideal,H,SI1,62.5,57.0,6.55,6.52,4.09,5330
349,0.7,Premium,F,SI1,63.0,59.0,5.64,5.58,3.53,2016
238,0.5,Ideal,F,SI2,60.8,57.0,5.1,5.13,3.11,1141
213,1.02,Ideal,H,SI1,61.6,57.0,6.46,6.49,3.99,4077
1240,0.6,Premium,J,SI1,62.6,58.0,5.37,5.41,3.38,1352
1531,1.22,Premium,H,VS1,61.0,59.0,6.91,6.87,4.2,7223
793,1.22,Ideal,F,VS1,61.5,57.0,6.87,6.89,4.23,10012
1112,1.0,Premium,H,SI1,61.9,59.0,6.44,6.38,3.97,4321
1567,0.7,Premium,D,SI2,59.2,59.0,5.78,5.74,3.42,2562
1656,0.4,Very Good,D,VS1,61.4,60.0,4.72,4.74,2.9,1066
523,0.32,Good,E,SI1,63.8,55.0,4.34,4.37,2.77,646
232,1.09,Premium,E,SI2,62.2,58.0,6.53,6.56,4.07,4451
644,2.01,Ideal,H,SI1,62.1,57.0,8.06,8.09,5.01,16128
1493,0.3,Ideal,H,VS2,62.5,56.0,4.25,4.28,2.66,489
533,1.5,Good,D,I1,63.7,58.0,7.21,7.18,4.58,7592
1494,2.05,Ideal,F,SI2,60.0,58.0,8.28,8.19,4.95,16384
603,0.56,Premium,D,SI1,61.9,57.0,5.29,5.28,3.26,1815
1198,0.3,Ideal,H,VS2,62.3,54.0,4.31,4.33,2.69,473
1074,0.56,Ideal,F,VS2,62.1,54.0,5.27,5.32,3.29,1836
1290,0.91,Very Good,G,SI1,62.6,57.0,6.18,6.22,3.88,3965
60,0.85,Very Good,G,SI1,62.3,57.0,6.1,6.06,3.78,2968
1249,0.6,Ideal,E,SI1,61.9,56.0,5.4,5.44,3.36,1622
92,0.32,Premium,G,VVS1,62.8,58.0,4.35,4.38,2.74,842
666,1.01,Good,G,SI1,63.9,58.0,6.35,6.38,4.06,4989
280,1.1,Ideal,H,SI2,60.9,58.0,6.66,6.7,4.05,4812
1103,1.5,Premium,I,VS2,60.1,60.0,7.39,7.35,4.42,7773
359,0.9,Very Good,F,SI1,62.7,59.0,6.09,6.14,3.83,3725
1118,0.82,Ideal,H,VS2,61.4,57.0,6.0,6.06,3.71,3033
1607,0.52,Ideal,F,VS1,61.0,55.0,5.19,5.22,3.18,1709
847,0.33,Premium,E,VVS1,60.8,59.0,4.47,4.42,2.7,1052
1765,1.0,Very Good,E,VS2,63.1,57.0,6.34,6.3,3.99,6332
110,2.0,Ideal,G,SI2,62.5,56.0,8.09,7.96,5.03,17068
42,0.31,Ideal,H,VS2,61.6,54.0,4.35,4.38,2.69,523
125,1.54,Very Good,G,VS1,63.1,57.0,7.36,7.3,4.63,14344
204,0.3,Very Good,H,SI1,60.7,61.0,4.32,4.35,2.63,432
52,1.2,Premium,J,SI1,63.0,58.0,6.75,6.71,4.26,4276
545,0.31,Ideal,H,VS2,62.4,55.0,4.36,4.38,2.72,628
68,0.42,Ideal,E,VS2,61.7,54.0,4.84,4.86,3.0,1135
1125,0.61,Ideal,G,VVS1,62.0,55.0,5.45,5.49,3.39,2633
1532,1.2,Fair,H,SI1,65.2,55.0,6.65,6.59,4.32,5869
183,1.01,Premium,J,SI2,59.8,60.0,6.48,6.45,3.86,3519
137,0.91,Good,G,SI1,63.8,56.0,6.12,6.08,3.89,3594
899,0.9,Ideal,H,VS2,62.3,54.0,6.19,6.23,3.86,3819
796,0.71,Ideal,I,VS1,61.3,57.0,5.73,5.78,3.53,2382
132,0.9,Very Good,E,SI2,60.3,56.0,6.25,6.28,3.78,3854
80,0.38,Ideal,D,VS1,61.9,55.0,4.62,4.65,2.87,1093
1525,0.5,Good,G,SI1,60.9,61.0,5.12,5.03,3.08,1232
541,0.33,Very Good,I,SI1,63.0,55.0,4.41,4.44,2.78,462
1580,1.56,Premium,H,SI1,61.0,58.0,7.44,7.47,4.54,8524
983,0.71,Premium,E,SI1,60.3,62.0,5.77,5.73,3.47,2817
165,1.01,Ideal,D,SI2,62.1,58.0,6.36,6.41,3.96,4853
248,1.51,Ideal,G,VS2,62.4,56.0,7.31,7.33,4.58,11678
446,0.56,Ideal,G,SI1,61.2,56.0,5.32,5.36,3.27,1325
1137,1.58,Ideal,I,VS2,61.6,57.0,7.48,7.52,4.62,11968
858,0.31,Ideal,F,VS2,61.7,57.0,4.37,4.39,2.7,802
1200,0.7,Ideal,F,VS2,61.9,57.0,5.68,5.72,3.53,3007
97,0.3,Ideal,H,SI1,61.8,56.0,4.31,4.33,2.67,464
1954,1.02,Ideal,E,VS2,62.8,56.0,6.42,6.4,4.03,9177
737,0.62,Ideal,H,VS2,61.3,55.0,5.48,5.51,3.37,1641
1809,0.38,Ideal,E,VS2,61.4,57.0,4.64,4.66,2.86,853
102,0.52,Very Good,E,SI1,58.8,58.0,5.28,5.34,3.11,1337
434,0.61,Ideal,G,VVS2,62.0,58.0,5.45,5.48,3.38,2174
74,0.41,Ideal,E,VS1,61.8,54.0,4.78,4.8,2.96,917
1775,0.4,Premium,G,VVS1,61.0,58.0,4.8,4.77,2.92,1179
1190,0.72,Ideal,G,VS1,61.0,56.0,5.77,5.8,3.53,3154
918,0.4,Ideal,E,VS1,61.8,56.0,4.71,4.74,2.93,1004
1696,0.9,Good,H,VS1,63.1,62.0,6.1,6.08,3.83,4326
1655,0.8,Ideal,E,SI1,62.4,56.0,5.91,5.95,3.71,3506
1605,0.3,Good,I,VVS1,63.5,55.0,4.24,4.27,2.7,552
762,0.25,Very Good,E,VS1,63.0,56.0,4.01,4.03,2.52,417
989,0.54,Ideal,H,VS2,62.7,57.0,5.18,5.22,3.26,1437
388,0.91,Premium,E,SI1,62.5,60.0,6.21,6.16,3.86,4303
235,0.73,Ideal,G,VS2,62.1,55.0,5.74,5.8,3.59,2915
1492,0.39,Ideal,D,VVS2,61.3,56.0,4.7,4.74,2.89,1132
267,1.01,Very Good,H,SI1,62.0,59.0,6.43,6.38,3.97,5021
1176,0.3,Ideal,H,SI1,62.5,57.0,4.26,4.29,2.67,399
117,1.21,Premium,H,SI1,61.9,58.0,6.84,6.8,4.21,6319
1591,0.4,Premium,D,SI1,61.6,58.0,4.76,4.74,2.92,773
673,0.31,Very Good,G,SI1,62.6,54.0,4.36,4.39,2.74,462
249,0.72,Premium,E,VS2,62.0,59.0,5.72,5.76,3.56,2874
1709,0.71,Ideal,G,VS1,62.2,56.0,5.7,5.72,3.55,2805
1975,0.37,Good,F,SI1,62.4,59.0,4.56,4.59,2.86,616
94,1.0,Premium,F,IF,60.1,60.0,6.49,6.45,3.88,10181
33,0.35,Ideal,D,VS1,60.9,56.0,4.58,4.61,2.8,1065
1449,0.9,Very Good,G,VS1,62.8,57.0,6.12,6.15,3.86,4508
1652,0.53,Ideal,G,SI1,62.4,55.0,5.18,5.15,3.22,1305
448,1.82,Premium,E,SI1,60.7,60.0,7.89,7.85,4.81,17849
716,0.31,Ideal,G,VS1,61.9,54.0,4.35,4.38,2.7,646
1627,1.51,Good,G,VS2,63.6,59.0,7.25,7.21,4.61,10036
1503,0.53,Ideal,D,VS1,61.8,55.0,5.2,5.22,3.22,2052
0,1.52,Premium,F,VS2,62.2,58.0,7.27,7.33,4.55,13619
1361,0.72,Premium,I,VS1,59.2,58.0,5.96,5.88,3.48,2330
1101,1.5,Very Good,H,VS2,62.9,57.0,7.16,7.21,4.52,10479
1108,1.5,Premium,D,I1,61.5,62.0,7.39,7.28,4.5,6300
1741,1.01,Premium,G,VVS2,59.6,59.0,6.57,6.53,3.89,8037
82,0.5,Ideal,E,VS1,62.4,56.0,5.11,5.06,3.17,1830
1274,2.0,Very Good,D,SI2,60.3,63.0,8.08,8.13,4.91,17231
676,0.9,Fair,G,SI1,64.3,56.0,6.05,6.09,3.95,3145
1955,0.26,Ideal,H,VS2,61.7,55.0,4.08,4.11,2.53,391
1046,1.7,Very Good,I,VS2,62.5,54.0,7.64,7.68,4.78,11268
770,0.51,Ideal,F,SI1,61.9,57.0,5.1,5.13,3.16,1342
1204,2.04,Ideal,H,SI1,62.3,56.0,8.16,8.09,5.06,12840
1777,0.7,Ideal,D,SI1,61.2,57.0,5.72,5.76,3.5,2975
1565,1.51,Good,G,VS2,63.6,59.0,7.28,7.22,4.61,11455
1474,0.3,Ideal,F,VS1,62.3,57.0,4.31,4.34,2.69,658
404,1.02,Ideal,G,VS2,62.1,57.0,6.37,6.42,3.97,6418
1711,0.4,Very Good,E,VS2,62.1,55.0,4.67,4.71,2.92,958
1284,0.53,Ideal,D,VS2,61.6,57.0,5.18,5.21,3.2,1877
1326,0.52,Ideal,F,VS2,62.1,54.0,5.17,5.19,3.21,1644
104,1.53,Ideal,I,VVS2,61.3,56.0,7.41,7.45,4.55,11531
688,0.5,Premium,H,SI2,63.0,61.0,5.08,4.99,3.17,727
1391,0.3,Premium,G,VS2,62.1,58.0,4.26,4.3,2.66,526
826,0.9,Very Good,F,SI1,62.3,59.0,6.14,6.17,3.83,3833
62,0.9,Ideal,H,VS2,60.7,55.0,6.15,6.11,3.72,3715
852,0.35,Premium,F,VVS1,59.3,59.0,4.64,4.6,2.69,1094
1339,0.52,Ideal,E,VS2,61.7,56.0,5.15,5.18,3.19,1561
223,1.0,Good,H,SI2,63.7,58.0,6.25,6.2,3.96,3850
145,1.33,Very Good,G,VS2,63.0,56.0,6.98,6.91,4.38,8873
1088,1.01,Ideal,D,SI2,61.8,56.0,6.47,6.51,4.01,5741
373,0.34,Premium,D,VS2,62.3,59.0,4.47,4.42,2.77,858
1406,0.28,Ideal,G,VVS2,61.0,56.0,4.26,4.3,2.6,675
1142,0.58,Ideal,E,SI1,62.6,57.0,5.32,5.36,3.35,1608
1810,1.54,Ideal,H,SI1,61.3,57.0,7.45,7.42,4.56,10821
1480,2.0,Premium,I,VS2,60.3,59.0,8.14,8.08,4.91,16547
1586,0.4,Premium,G,VVS2,61.9,59.0,4.68,4.74,2.92,1050
1336,0.54,Ideal,G,VS2,61.2,56.0,5.25,5.28,3.22,1599
9,0.3,Good,J,VS1,63.6,57.0,4.26,4.28,2.72,421
449,1.5,Premium,G,VS1,60.4,60.0,7.42,7.36,4.47,12512
708,0.7,Ideal,F,SI1,61.5,55.0,5.7,5.74,3.52,2507
255,0.33,Ideal,G,VVS2,61.8,56.0,4.41,4.44,2.74,766
882,0.51,Ideal,D,VS2,60.0,57.0,5.23,5.19,3.11,1680
389,0.24,Very Good,E,VS1,62.0,58.0,3.95,3.99,2.46,419
908,0.9,Premium,F,SI1,61.8,59.0,6.18,6.14,3.8,3959
924,0.3,Ideal,G,IF,62.1,56.0,4.32,4.34,2.69,863
1688,1.31,Very Good,H,VS1,61.9,57.0,7.03,7.06,4.34,8593
1220,0.9,Very Good,H,VVS2,62.1,56.0,6.15,6.17,3.83,4389
460,1.24,Ideal,H,VS1,61.4,57.0,6.91,6.95,4.26,8545
1255,0.52,Ideal,H,SI1,61.9,55.0,5.16,5.19,3.2,1096
1168,0.31,Very Good,H,SI1,62.9,57.0,4.28,4.31,2.7,449
958,0.51,Ideal,G,VVS1,61.4,55.0,5.15,5.17,3.17,2027
501,1.01,Good,G,VS1,63.7,56.0,6.37,6.4,4.06,6449
739,0.4,Ideal,H,VS2,62.6,57.0,4.68,4.71,2.94,775
1833,1.52,Very Good,H,VS2,61.5,55.0,7.44,7.51,4.61,11138
868,0.43,Ideal,F,VS2,62.5,56.0,4.81,4.85,3.02,884
731,0.7,Very Good,E,SI1,62.8,57.0,5.65,5.69,3.56,3005
539,0.35,Premium,F,VS2,62.4,58.0,4.52,4.47,2.81,906
1201,0.52,Premium,G,SI1,60.9,60.0,5.16,5.21,3.15,1249
697,1.23,Very Good,D,SI2,61.8,58.0,6.92,6.88,4.26,6626
1378,0.53,Ideal,D,VS2,61.1,56.0,5.23,5.29,3.21,1805
1362,0.31,Very Good,G,VS2,63.2,57.0,4.32,4.27,2.71,487
1145,0.42,Ideal,E,VVS2,61.5,56.0,4.78,4.84,2.96,1096
1031,0.34,Ideal,F,VVS1,61.8,55.0,4.51,4.47,2.78,984
372,0.4,Premium,G,VVS2,61.3,59.0,4.76,4.73,2.91,1050
667,0.53,Ideal,E,VS2,62.0,56.0,5.23,5.17,3.23,2041
1511,1.52,Premium,I,VS2,59.3,61.0,7.49,7.45,4.41,9471
357,1.21,Ideal,D,VS2,61.1,56.0,6.92,6.85,4.21,10453
967,1.5,Premium,I,SI1,61.1,60.0,7.38,7.33,4.49,8467
783,0.7,Very Good,E,SI1,63.1,57.0,5.63,5.69,3.57,2771
735,1.07,Ideal,H,VVS1,62.5,57.0,6.56,6.49,4.08,6989
1035,2.01,Premium,E,SI1,60.5,58.0,8.07,8.17,4.9,16628
970,0.31,Ideal,I,VVS1,62.4,56.0,4.37,4.33,2.71,732
1510,0.3,Ideal,E,VS2,61.9,56.0,4.35,4.31,2.68,844
1472,0.5,Premium,E,VS2,59.8,60.0,5.18,5.21,3.11,1424
1509,0.76,Premium,F,VVS1,60.1,58.0,5.95,5.92,3.55,3347
1476,1.02,Very Good,H,VS1,61.0,56.0,6.47,6.51,3.96,5610
1784,2.06,Good,E,I1,62.6,58.0,8.06,8.03,5.04,6229
1743,0.53,Ideal,D,VS1,60.2,53.7,5.27,5.29,3.18,2033
1236,0.7,Very Good,G,VS1,63.2,56.0,5.68,5.64,3.58,2520
885,0.41,Premium,E,SI2,61.1,59.0,4.72,4.75,2.89,876
79,0.3,Ideal,H,SI1,62.1,56.0,4.32,4.29,2.67,572
1172,0.33,Ideal,G,VS1,61.3,55.0,4.48,4.45,2.74,729
814,1.02,Premium,I,SI1,62.3,59.0,6.39,6.35,3.97,4391
1271,0.73,Ideal,E,SI2,62.2,56.0,5.77,5.78,3.59,2435
671,1.05,Ideal,H,SI1,60.8,56.0,6.55,6.57,3.99,4880
1517,0.41,Ideal,D,VS2,61.9,54.0,4.76,4.79,2.95,1007
57,0.3,Ideal,G,VVS1,62.6,57.0,4.29,4.26,2.67,1013
133,1.29,Very Good,D,SI1,59.3,59.0,7.18,7.12,4.23,8077
1140,1.7,Premium,F,SI1,60.4,59.0,7.67,7.62,4.61,12655
933,1.01,Premium,F,I1,61.1,57.0,6.43,6.37,3.92,3609
1669,1.02,Ideal,E,VS2,60.8,56.0,6.55,6.53,3.98,8220
823,1.01,Very Good,E,SI1,62.9,58.0,6.35,6.44,4.02,5418
1214,2.09,Ideal,G,SI1,60.8,58.0,8.28,8.24,5.04,18029
504,1.03,Ideal,H,SI1,60.6,57.0,6.51,6.55,3.95,4485
1758,0.77,Ideal,E,SI1,62.2,56.0,5.87,5.91,3.65,3189
347,0.3,Ideal,I,SI1,61.5,56.0,4.34,4.38,2.68,394
386,0.32,Ideal,I,VS2,60.7,55.0,4.45,4.49,2.71,576
1024,0.81,Very Good,H,SI1,63.1,58.0,5.92,5.95,3.75,2612
894,1.01,Very Good,H,SI1,63.1,57.0,6.32,6.34,3.99,4678
828,0.44,Ideal,G,SI1,62.6,54.0,4.87,4.88,3.06,975
1875,1.5,Very Good,J,VS2,63.4,58.0,7.23,7.27,4.6,7418
475,0.72,Very Good,F,VVS1,61.8,60.0,5.67,5.74,3.53,3524
1456,1.2,Premium,F,VVS2,62.5,59.0,6.65,6.75,4.19,10680
1433,0.53,Ideal,D,VS2,62.3,57.0,5.14,5.18,3.21,1956
1749,0.4,Ideal,G,VS2,60.8,55.0,4.8,4.78,2.91,773
652,0.57,Very Good,J,SI2,60.3,59.0,5.33,5.42,3.24,1121
172,0.55,Very Good,D,SI1,60.7,59.0,5.31,5.29,3.23,1949
1149,0.42,Ideal,D,VS2,60.9,57.0,4.83,4.87,2.94,939
38,0.9,Very Good,E,SI2,62.9,57.0,6.13,6.18,3.88,3084
713,0.92,Premium,D,SI2,61.4,59.0,6.29,6.25,3.85,4317
90,1.04,Ideal,G,VS1,61.3,56.0,6.55,6.57,4.02,7152
1917,0.31,Ideal,H,SI1,62.1,55.0,4.34,4.37,2.71,521
1205,0.53,Ideal,H,VS1,61.9,56.0,5.17,5.22,3.21,1630
875,0.32,Ideal,G,IF,62.4,56.0,4.37,4.39,2.74,799
1947,1.01,Very Good,G,VS1,63.3,57.0,6.38,6.34,4.03,6732
1872,0.52,Very Good,E,VS2,62.8,57.0,5.13,5.16,3.23,1689
1093,0.32,Premium,H,VS2,61.2,58.0,4.45,4.5,2.74,505
1155,0.51,Ideal,E,SI1,61.6,56.0,5.14,5.17,3.17,1547
1682,0.32,Ideal,E,VS2,61.1,56.0,4.41,4.43,2.7,767
1939,1.02,Very Good,E,SI2,60.0,61.0,6.5,6.56,3.92,4949
499,2.14,Premium,I,SI1,61.9,58.0,8.3,8.25,5.11,15821
338,0.58,Ideal,F,VS2,62.2,58.0,5.33,5.34,3.32,1749
1188,0.36,Ideal,D,VS2,62.9,56.0,4.51,4.54,2.85,663
28,1.11,Premium,D,SI1,60.6,59.0,6.74,6.68,4.06,5877
1217,0.41,Ideal,E,SI2,61.4,57.0,4.82,4.8,2.95,638
1538,0.36,Very Good,G,SI1,61.9,56.0,4.56,4.6,2.84,507
1804,1.23,Ideal,H,VS2,62.0,55.0,6.91,6.86,4.26,7223
945,0.4,Premium,D,SI1,61.9,59.0,4.67,4.7,2.9,990
169,0.58,Ideal,H,VS2,61.7,57.0,5.33,5.36,3.3,1550
1904,1.25,Ideal,H,SI1,62.7,57.0,6.86,6.81,4.29,6682
1197,0.31,Ideal,G,IF,61.9,55.0,4.38,4.42,2.72,891
1253,1.25,Premium,J,VS2,60.4,58.0,7.02,6.97,4.22,5408
1384,0.33,Ideal,D,VS1,60.7,56.0,4.5,4.47,2.73,1069
912,0.53,Ideal,G,SI2,61.0,56.0,5.18,5.22,3.18,1194
491,1.5,Premium,D,SI2,62.1,59.0,7.33,7.3,4.54,8623
953,1.07,Ideal,H,SI2,60.6,56.0,6.64,6.7,4.04,4698
1097,0.38,Premium,F,SI1,61.3,60.0,4.61,4.66,2.84,700
1032,0.25,Ideal,G,VS1,61.1,56.0,4.11,4.13,2.52,436
587,0.26,Ideal,E,VVS1,62.3,56.0,4.07,4.1,2.54,769
750,0.5,Premium,J,SI1,59.9,60.0,5.14,5.09,3.07,1091
657,1.01,Very Good,I,SI1,60.5,61.0,6.48,6.44,3.91,4199
234,0.42,Ideal,G,VS1,62.6,57.0,4.84,4.75,2.99,1050
732,0.9,Very Good,G,SI1,62.5,55.0,6.14,6.17,3.84,3884
1969,0.71,Very Good,G,VS2,63.3,58.0,5.66,5.69,3.59,2461
1617,1.01,Very Good,H,SI1,63.4,59.0,6.4,6.39,4.05,4884
1156,1.2,Premium,E,SI1,62.3,57.0,6.8,6.77,4.23,6751
1455,0.41,Ideal,G,VS2,62.4,57.0,4.76,4.72,2.95,1061
1870,1.01,Premium,F,SI2,60.3,60.0,6.48,6.45,3.9,4197
1612,0.72,Ideal,E,SI2,61.3,56.0,5.83,5.76,3.55,2509
934,0.71,Very Good,H,SI1,62.8,59.0,5.66,5.71,3.57,2198
1209,0.7,Good,I,VS1,63.8,57.0,5.59,5.64,3.59,2048
1065,0.72,Premium,F,VS1,62.5,59.0,5.67,5.71,3.55,3284
108,0.31,Ideal,H,VS2,61.4,56.0,4.34,4.38,2.68,477
1609,0.34,Premium,E,SI1,60.7,58.0,4.53,4.49,2.74,765
568,0.7,Good,I,SI1,63.0,58.0,5.66,5.69,3.56,2034
1167,1.52,Premium,J,VS2,62.2,58.0,7.33,7.3,4.55,6319
1174,0.52,Very Good,H,SI1,63.1,55.0,5.12,5.16,3.23,1270
890,1.07,Ideal,G,VS2,61.3,55.0,6.59,6.62,4.06,6930
947,1.35,Premium,I,SI2,63.0,59.0,7.07,6.96,4.42,6090
1048,0.4,Ideal,F,VVS2,62.2,56.0,4.72,4.74,2.94,1094
1338,1.35,Premium,G,VS2,60.3,58.0,7.2,7.17,4.33,9714
1357,2.18,Premium,F,SI2,62.1,59.0,8.38,8.26,5.16,12377
1432,1.52,Ideal,G,VS2,61.8,56.0,7.36,7.39,4.56,13207
884,1.52,Premium,G,VS1,59.1,61.0,7.5,7.46,4.4,13427
1657,0.4,Very Good,E,VVS1,62.5,58.0,4.64,4.71,2.92,1333
850,1.51,Premium,H,SI1,60.4,60.0,7.44,7.46,4.5,8995
734,0.77,Premium,D,SI1,60.8,59.0,5.92,5.89,3.6,2655
717,2.06,Premium,H,SI1,59.4,61.0,8.38,8.29,4.91,18242
454,0.33,Premium,G,VVS1,61.9,59.0,4.41,4.43,2.74,868
264,0.36,Ideal,F,VS2,61.0,55.0,4.61,4.65,2.81,821
75,1.29,Ideal,J,SI1,60.5,57.0,7.11,7.05,4.27,6289
1642,0.7,Good,G,VS2,64.1,58.0,5.61,5.56,3.58,2144
444,0.51,Ideal,E,SI1,61.9,56.0,5.1,5.15,3.17,1337
395,0.91,Very Good,F,SI1,62.9,60.0,6.11,6.14,3.85,3910
176,0.56,Premium,J,VS2,61.8,60.0,5.35,5.28,3.28,1280
1042,0.54,Premium,G,SI1,61.0,59.0,5.23,5.18,3.18,1391
1719,0.5,Premium,F,VS2,62.4,58.0,5.07,5.04,3.16,1316
1387,1.56,Ideal,H,SI1,61.7,56.0,7.43,7.47,4.6,10071
1366,0.33,Ideal,G,VVS1,62.5,54.0,4.43,4.47,2.78,838
595,0.79,Ideal,G,VS2,62.1,55.0,5.94,5.9,3.67,3184
61,1.51,Good,J,VVS1,63.7,58.0,7.19,7.3,4.62,11184
1296,1.05,Premium,E,SI2,62.1,58.0,6.52,6.47,4.04,4444
872,1.0,Good,F,SI1,63.7,59.0,6.3,6.38,4.04,4891
1475,0.31,Ideal,I,VS2,60.6,57.0,4.33,4.37,2.63,435
1861,1.59,Very Good,E,SI1,62.4,58.0,7.42,7.48,4.63,12196
278,0.5,Good,F,SI1,63.6,56.0,5.01,4.9,3.15,1155
36,0.32,Very Good,H,VVS2,63.5,56.0,4.34,4.31,2.74,730
1501,0.71,Good,F,VS1,63.5,55.0,5.59,5.66,3.58,2459
662,0.9,Very Good,F,SI1,63.5,56.0,6.1,6.13,3.88,4133
1790,0.3,Ideal,D,VS2,60.6,55.0,4.36,4.38,2.65,911
1787,1.01,Ideal,J,SI1,62.5,57.0,6.36,6.39,3.98,4082
977,1.2,Ideal,F,VS1,61.8,57.0,6.78,6.83,4.21,9425
1556,0.54,Ideal,D,VS2,61.4,55.0,5.25,5.2,3.21,1919
738,0.31,Premium,G,VVS1,62.4,59.0,4.3,4.33,2.69,789
191,2.1,Very Good,F,SI2,60.9,60.0,8.21,8.33,5.04,17909
919,0.52,Ideal,D,VS1,61.1,56.0,5.2,5.22,3.19,1924
456,0.3,Ideal,G,VS1,61.9,57.0,4.29,4.32,2.66,605
675,1.13,Premium,H,SI1,62.5,61.0,6.63,6.56,4.12,4837
760,0.9,Ideal,E,SI1,62.6,57.0,6.12,6.16,3.85,3342
1791,2.05,Premium,I,VS2,59.7,60.0,8.32,8.25,4.96,15529
1587,1.2,Premium,H,SI1,60.8,60.0,6.87,6.84,4.16,5444
728,0.31,Ideal,G,SI2,62.0,54.0,4.37,4.4,2.72,414
412,0.4,Very Good,F,VS2,63.3,60.0,4.66,4.68,2.96,912
1098,1.6,Ideal,I,SI1,61.2,57.0,7.56,7.5,4.6,8938
825,0.6,Ideal,D,VS1,60.1,56.0,5.44,5.49,3.29,2013
1967,0.91,Ideal,H,VS2,61.7,57.0,6.2,6.24,3.83,3989
616,1.52,Premium,F,SI1,62.0,58.0,7.43,7.36,4.59,10181
114,0.55,Ideal,D,SI2,62.0,57.0,5.23,5.27,3.25,1551
417,0.4,Ideal,E,VS2,61.1,57.0,4.8,4.83,2.94,1050
1892,0.31,Ideal,E,VS2,62.8,56.0,4.37,4.33,2.73,872
969,0.52,Ideal,G,VS1,62.5,57.0,5.15,5.11,3.2,1624
604,1.24,Premium,D,SI2,61.0,60.0,6.95,6.88,4.22,5670
1928,1.0,Very Good,G,SI1,63.1,57.0,6.36,6.31,4.0,4032
89,0.57,Very Good,D,VS2,59.9,57.0,5.33,5.37,3.22,1949
848,0.54,Ideal,D,VS2,61.4,55.0,5.25,5.23,3.21,1875
1505,2.23,Premium,J,VS1,60.7,60.0,8.41,8.37,5.1,17096
1898,0.5,Ideal,E,SI2,62.9,57.0,5.09,5.05,3.19,1154
753,1.05,Ideal,F,SI2,61.0,59.0,6.56,6.51,3.99,4560
498,1.03,Premium,H,SI1,61.9,59.0,6.42,6.49,4.0,4478
1276,0.32,Ideal,F,VS2,61.9,55.0,4.42,4.4,2.73,828
1325,0.44,Ideal,G,VVS2,61.2,57.0,4.91,4.93,2.99,1181
11,0.23,Ideal,E,VVS2,62.0,57.0,3.96,3.98,2.46,505
396,0.4,Very Good,I,VVS2,60.0,58.0,4.76,4.79,2.87,770
284,2.25,Ideal,H,SI2,61.7,56.0,8.34,8.39,5.16,17186
1066,1.5,Very Good,G,SI2,62.0,56.0,7.25,7.3,4.52,9435
1191,1.27,Premium,H,SI2,61.5,60.0,6.95,6.88,4.26,4732
1728,0.53,Ideal,G,VS2,62.2,55.0,5.18,5.22,3.23,1422
690,0.5,Very Good,F,SI2,61.5,58.0,5.1,5.14,3.15,984
1616,0.32,Premium,H,SI1,62.6,58.0,4.36,4.33,2.72,591
1858,2.03,Very Good,I,VS2,60.5,59.0,8.3,8.26,4.99,16389
689,0.5,Good,F,SI1,63.6,57.0,5.09,5.06,3.23,1132
851,1.0,Premium,D,SI1,62.2,58.0,6.41,6.4,3.99,5851
159,0.31,Very Good,D,SI2,63.3,58.0,4.34,4.35,2.75,462
895,1.56,Very Good,G,SI1,61.9,56.0,7.39,7.47,4.6,11836
1560,1.03,Ideal,F,VS1,61.8,57.0,6.45,6.51,4.01,7632
257,0.71,Very Good,E,SI2,59.0,61.0,5.92,5.85,3.46,2368
335,0.7,Very Good,I,VS2,63.4,60.0,5.64,5.6,3.56,2177
1862,0.3,Ideal,H,VS1,61.9,57.0,4.28,4.31,2.66,526
1039,0.49,Very Good,E,VVS2,63.2,56.0,4.97,5.0,3.15,2263
515,1.51,Premium,F,SI1,62.8,57.0,7.27,7.25,4.56,11491
1348,2.17,Very Good,J,SI2,62.8,58.0,8.19,8.23,5.18,12502
1015,0.4,Very Good,G,VS1,62.7,60.0,4.66,4.72,2.94,774
768,1.0,Ideal,G,VS2,61.7,57.0,6.46,6.44,3.98,5510
1730,0.79,Ideal,F,SI2,62.2,57.0,5.93,5.95,3.69,2812
761,1.07,Ideal,G,VS1,61.9,57.0,6.59,6.55,4.07,7371
1246,0.51,Good,G,SI1,63.8,56.0,5.07,5.02,3.22,1185
1203,0.72,Ideal,D,VS2,61.6,56.0,5.76,5.79,3.56,3246
1453,1.71,Ideal,H,SI2,62.5,56.0,7.63,7.69,4.79,9120
1964,0.4,Ideal,G,VS2,61.9,57.0,4.77,4.74,2.94,898
521,2.0,Very Good,G,SI2,62.0,62.0,8.0,7.96,4.93,11927
22,0.25,Ideal,E,VS2,61.4,57.0,4.05,4.08,2.48,470
356,0.7,Very Good,H,VS2,61.0,59.0,5.69,5.72,3.48,2512
1277,0.74,Ideal,G,SI1,62.7,54.0,5.78,5.83,3.63,2583
1312,0.34,Ideal,E,VS2,61.1,56.0,4.51,4.54,2.76,846
1667,0.41,Premium,G,VS2,61.3,59.0,4.73,4.77,2.91,1061
340,0.55,Good,E,VS2,59.6,61.0,5.3,5.37,3.17,1689
431,1.5,Very Good,J,VVS2,60.5,62.0,7.37,7.41,4.48,8975
473,0.9,Very Good,I,VVS2,62.4,58.0,6.09,6.16,3.83,3205
217,0.33,Ideal,I,VS1,61.3,56.0,4.46,4.49,2.74,891
911,0.91,Very Good,E,SI1,61.8,57.0,6.11,6.16,3.79,4211
1227,0.73,Ideal,E,VS1,61.6,57.0,5.75,5.78,3.55,3351
1581,0.24,Very Good,F,VS2,61.8,59.0,3.95,3.99,2.46,369
1011,0.5,Ideal,E,VS2,62.0,56.0,5.14,5.11,3.18,1555
1930,0.38,Ideal,F,VS1,61.6,57.0,4.63,4.67,2.88,949
93,1.0,Very Good,E,SI1,61.0,58.0,6.44,6.49,3.93,5973
1008,1.12,Ideal,F,VS2,62.7,57.0,6.6,6.66,4.17,7592
1070,0.41,Ideal,E,VVS2,60.7,56.0,4.82,4.85,2.94,1243
1092,0.9,Premium,I,SI2,62.2,60.0,6.14,6.18,3.83,3001
1817,1.51,Ideal,I,SI1,60.6,55.0,7.44,7.39,4.49,8731
1308,0.4,Ideal,F,VS1,61.4,56.0,4.77,4.73,2.91,1129
696,1.52,Very Good,H,VS1,60.9,59.0,7.46,7.36,4.51,11019
1776,0.6,Ideal,E,VS2,60.6,56.0,5.45,5.48,3.31,2016
996,1.0,Ideal,D,SI1,61.9,55.0,6.39,6.41,3.96,6040
153,0.32,Ideal,D,SI2,61.2,56.0,4.42,4.45,2.71,612
1099,1.06,Premium,F,SI1,61.1,59.0,6.64,6.59,4.02,5581
1703,1.13,Premium,G,SI2,60.9,59.0,6.72,6.68,4.09,5370
1978,0.51,Ideal,F,VS1,61.7,55.0,5.18,5.14,3.18,2085
789,0.31,Ideal,I,VS2,62.1,57.0,4.31,4.34,2.69,463
580,0.36,Very Good,E,SI1,62.7,55.0,4.54,4.58,2.86,631
703,0.32,Ideal,G,IF,61.6,56.0,4.41,4.44,2.72,956
1212,0.61,Ideal,E,VS1,62.3,53.8,5.47,5.44,3.4,2079
1295,1.59,Premium,H,VS2,61.9,59.0,7.52,7.49,4.64,11588
1650,0.52,Ideal,E,SI1,61.4,55.0,5.18,5.2,3.19,1654
1260,1.01,Good,H,SI1,63.4,58.0,6.34,6.32,4.01,3387
487,1.7,Ideal,I,VS1,60.8,56.0,7.76,7.69,4.7,13034
559,0.4,Ideal,H,VVS2,60.9,56.0,4.74,4.74,2.89,1163
1141,0.94,Good,H,SI2,63.1,62.0,6.18,6.22,3.92,3311
1119,0.3,Premium,E,VS2,62.5,58.0,4.29,4.26,2.67,844
801,0.58,Premium,F,VS2,61.9,58.0,5.37,5.33,3.31,1989
512,0.31,Ideal,H,VVS2,61.9,56.0,4.35,4.31,2.68,802
633,0.7,Premium,E,SI1,62.4,58.0,5.67,5.63,3.53,2038
1464,0.36,Ideal,D,SI1,61.6,56.0,4.56,4.6,2.82,663
1771,0.42,Ideal,E,VS1,61.9,56.0,4.79,4.75,2.95,1031
1530,0.7,Very Good,D,SI1,63.0,57.0,5.61,5.67,3.54,2611
1150,1.11,Ideal,F,SI2,60.0,56.0,6.83,6.75,4.08,4771
790,2.01,Premium,I,SI2,62.9,58.0,7.98,8.08,5.05,13127
116,0.72,Ideal,H,SI1,61.3,56.0,5.8,5.77,3.54,2415
740,0.78,Ideal,E,SI2,61.7,56.0,5.96,5.91,3.65,2650
1675,1.57,Very Good,J,SI1,59.5,59.0,7.56,7.6,4.51,7418
1081,0.73,Very Good,E,VVS2,58.5,59.0,5.92,5.94,3.49,3093
830,1.01,Good,F,VS2,63.6,59.0,6.3,6.36,4.02,6416
119,1.07,Premium,G,SI2,62.9,60.0,6.55,6.5,4.1,4065
656,0.9,Ideal,H,VVS2,63.0,57.0,6.09,6.13,3.85,3872
1889,0.32,Ideal,G,VVS1,62.0,56.0,4.39,4.42,2.73,842
635,1.5,Ideal,G,SI2,62.7,55.0,7.31,7.29,4.58,8988
369,1.19,Premium,H,SI1,62.9,56.0,6.82,6.75,4.27,5802
268,0.5,Very Good,G,VVS2,62.8,58.0,5.08,5.05,3.18,1915
655,0.31,Ideal,D,SI1,61.8,54.0,4.37,4.34,2.69,732
935,1.02,Very Good,F,SI1,62.9,57.0,6.4,6.42,4.03,5752
822,0.23,Very Good,G,VVS1,61.3,59.0,3.94,3.96,2.42,414
866,0.32,Ideal,G,VS1,61.8,55.0,4.39,4.42,2.72,828
46,0.9,Premium,E,SI1,61.8,61.0,6.19,6.12,3.8,3625
1373,1.01,Ideal,H,SI2,61.8,55.0,6.38,6.43,3.96,3671
1693,0.55,Ideal,E,VS1,62.1,56.0,5.25,5.29,3.27,1890
991,1.02,Premium,G,VS1,61.9,58.0,6.49,6.45,4.0,8688
876,0.52,Very Good,D,VS2,61.6,59.0,5.13,5.17,3.17,1789
773,0.52,Ideal,F,SI1,60.7,56.4,5.2,5.23,3.17,1391
1219,0.41,Ideal,H,VVS1,61.4,56.0,4.77,4.8,2.94,1019
1980,0.74,Good,F,SI1,63.1,60.0,5.72,5.74,3.61,2705
4,1.7,Premium,G,VS2,62.6,59.0,7.65,7.61,4.77,14453
1003,0.34,Ideal,F,VVS2,62.6,55.0,4.49,4.44,2.8,894
1707,0.52,Very Good,G,SI1,62.8,59.0,5.1,5.07,3.19,1219
263,0.32,Premium,H,VS2,61.3,58.0,4.44,4.4,2.71,648
1554,1.0,Good,G,VS2,62.6,61.0,6.31,6.37,3.97,6955
1814,0.7,Very Good,D,SI1,61.3,57.0,5.68,5.74,3.5,3008
443,0.82,Ideal,F,SI1,61.3,56.0,6.01,6.04,3.7,3444
1002,1.16,Premium,F,VS1,62.0,58.0,6.76,6.72,4.18,9057
1077,0.41,Ideal,I,VVS2,60.6,56.0,4.82,4.83,2.93,839
837,0.4,Very Good,E,SI1,60.8,61.0,4.74,4.76,2.88,772
1774,2.02,Premium,G,SI2,60.8,57.0,8.15,8.12,4.94,13027
304,0.55,Ideal,E,VS2,62.2,56.0,5.23,5.25,3.26,1819
1365,1.05,Premium,H,SI2,62.1,59.0,6.48,6.52,4.04,4290
1542,1.05,Premium,F,SI2,62.5,60.0,6.45,6.43,4.03,4586
313,0.52,Ideal,E,SI1,62.3,57.0,5.16,5.13,3.2,1435
149,1.08,Very Good,H,SI1,60.0,61.0,6.61,6.66,4.0,4415
1148,0.4,Ideal,F,SI2,62.4,56.0,4.7,4.73,2.94,797
1213,0.31,Very Good,H,SI1,60.9,60.0,4.33,4.34,2.64,446
574,0.7,Ideal,E,SI2,61.6,56.0,5.77,5.74,3.54,2351
50,0.43,Premium,I,VVS1,62.2,59.0,4.8,4.82,3.0,1023
1537,1.0,Premium,J,SI2,58.1,58.0,6.6,6.56,3.83,3216
726,1.0,Ideal,F,SI1,59.6,62.0,6.52,6.49,3.88,5863
833,1.0,Very Good,E,SI2,62.5,62.0,6.34,6.36,3.97,3908
1377,1.02,Premium,D,SI1,62.5,58.0,6.43,6.47,4.03,5311
1115,1.51,Premium,F,SI2,61.0,58.0,7.36,7.34,4.48,9127
1166,1.01,Very Good,E,SI2,62.4,55.0,6.36,6.43,3.99,4355
470,0.3,Ideal,G,VS1,62.6,54.0,4.31,4.29,2.69,776
971,1.06,Ideal,D,SI1,61.9,56.0,6.51,6.54,4.03,5799
653,1.16,Premium,H,SI2,62.7,55.0,6.68,6.65,4.18,4546
399,1.0,Very Good,F,VVS2,62.9,57.0,6.32,6.27,3.96,11003
511,0.33,Ideal,D,VS2,62.1,55.0,4.51,4.46,2.79,1002
320,0.55,Ideal,F,SI2,60.9,57.0,5.3,5.34,3.23,1069
19,0.73,Very Good,G,VS2,63.1,57.0,5.77,5.75,3.63,2652
684,0.72,Ideal,H,SI2,62.2,56.0,5.7,5.74,3.56,2289
35,0.57,Ideal,G,SI1,61.5,55.0,5.37,5.32,3.31,1378
902,1.03,Very Good,E,SI2,64.1,57.0,6.33,6.31,4.05,4328
827,0.41,Premium,D,VS2,60.9,59.0,4.81,4.84,2.93,1063
1780,0.44,Ideal,I,VS2,62.3,55.0,4.85,4.9,3.04,773
407,0.55,Ideal,G,SI1,61.7,57.0,5.28,5.3,3.26,1454
920,0.77,Premium,J,SI1,62.5,58.0,5.88,5.83,3.66,2208
537,1.2,Very Good,F,SI2,62.6,58.0,6.74,6.7,4.2,4990
758,1.02,Good,G,VS2,63.6,58.0,6.43,6.39,4.07,5816
1886,0.31,Ideal,D,SI1,62.9,54.0,4.34,4.32,2.72,732
1062,0.9,Very Good,I,SI1,63.3,57.0,6.06,6.08,3.85,2926
1199,0.3,Premium,D,VS2,61.3,59.0,4.25,4.21,2.6,710
245,0.3,Premium,D,VS2,60.7,58.0,4.34,4.38,2.64,652
1416,0.59,Very Good,F,VS2,60.3,57.0,5.44,5.41,3.26,1789
1127,0.4,Ideal,G,SI1,62.9,56.0,4.72,4.73,2.97,900
784,0.7,Premium,F,VS1,60.9,58.0,5.74,5.77,3.51,2822
1726,1.06,Premium,F,SI1,61.8,57.0,6.53,6.57,4.05,5198
489,1.01,Very Good,D,SI2,63.5,60.0,6.37,6.32,4.03,4914
154,2.01,Ideal,G,SI2,62.0,56.0,8.12,8.06,5.02,16130
961,0.32,Ideal,H,VVS1,61.7,55.0,4.41,4.43,2.72,716
853,1.01,Premium,F,SI2,59.9,59.0,6.54,6.51,3.92,4140
1311,0.5,Premium,D,SI1,60.9,58.0,5.11,5.14,3.12,1654
625,0.42,Ideal,E,VS1,62.1,55.0,4.8,4.82,2.99,1153
685,0.32,Ideal,G,VVS2,62.2,54.0,4.34,4.37,2.71,730
1546,1.06,Ideal,D,VVS2,62.1,56.0,6.61,6.55,4.09,11092
569,0.54,Very Good,I,VS2,62.7,55.0,5.18,5.23,3.26,1337
1890,0.29,Very Good,F,VVS2,61.9,57.0,4.24,4.26,2.64,620
17,0.26,Very Good,F,VVS2,61.7,57.0,4.1,4.13,2.53,574
127,0.3,Ideal,E,VVS1,61.1,57.0,4.31,4.34,2.64,995
1346,0.53,Ideal,H,VS2,60.2,56.0,5.26,5.3,3.17,1417
1279,0.3,Ideal,E,VVS1,61.7,57.0,4.3,4.34,2.67,895
1949,0.9,Very Good,H,VVS2,63.0,56.0,6.11,6.14,3.86,4940
927,0.71,Ideal,G,VVS2,61.9,56.0,5.73,5.78,3.56,3371
980,0.72,Ideal,E,SI1,62.0,54.0,5.72,5.77,3.56,2661
1945,1.12,Ideal,I,SI2,61.8,56.0,6.71,6.67,4.13,4514
190,0.41,Ideal,E,SI1,62.6,57.0,4.77,4.74,2.98,898
1139,0.47,Premium,D,VS2,60.9,58.0,5.04,5.02,3.04,1715
992,0.37,Premium,E,SI1,61.3,59.0,4.6,4.63,2.83,702
1936,0.42,Premium,G,VVS1,61.3,59.0,4.76,4.8,2.93,1031
1641,0.73,Premium,G,SI1,62.5,58.0,5.75,5.8,3.6,2211
606,0.56,Ideal,G,VS2,61.5,55.0,5.31,5.33,3.28,1608
180,1.7,Good,J,I1,63.5,58.0,7.55,7.51,4.79,5704
301,0.3,Very Good,F,IF,62.2,57.0,4.27,4.3,2.66,886
496,0.73,Ideal,G,SI2,61.4,57.0,5.79,5.82,3.56,2262
1680,0.31,Premium,G,SI2,61.5,58.0,4.34,4.35,2.67,523
1694,0.54,Ideal,F,SI2,62.2,54.0,5.2,5.24,3.25,1252
1646,0.3,Ideal,G,VVS1,62.4,55.0,4.26,4.3,2.67,764
1623,0.42,Ideal,F,VVS1,62.1,55.0,4.81,4.83,2.99,1224
517,0.72,Ideal,I,VS2,61.1,56.0,5.78,5.83,3.53,2083
1965,1.73,Good,D,SI1,64.0,58.0,7.6,7.55,4.86,14330
1069,2.11,Premium,J,SI1,61.9,61.0,8.23,8.19,5.07,10215
476,1.26,Very Good,G,VVS2,61.1,58.0,6.97,6.93,4.24,9658
157,0.31,Good,H,SI1,63.7,54.0,4.36,4.34,2.77,467
1243,0.54,Premium,D,VS2,61.9,59.0,5.23,5.26,3.24,1826
1195,0.6,Ideal,F,SI1,61.9,56.0,5.37,5.4,3.34,2167
16,1.06,Premium,E,SI2,60.9,59.0,6.61,6.56,4.01,4399
1535,1.5,Ideal,D,SI1,61.5,56.0,7.31,7.34,4.5,14112
1072,1.55,Premium,E,SI1,59.3,58.0,7.56,7.61,4.5,10874
1952,1.27,Ideal,J,VS2,62.6,55.0,6.92,6.87,4.32,7334
546,0.3,Ideal,E,VVS2,61.7,56.0,4.28,4.31,2.65,867
1539,0.36,Premium,F,VS2,61.1,59.0,4.58,4.61,2.8,686
658,0.7,Ideal,F,SI2,61.9,56.0,5.67,5.7,3.52,2563
1610,0.5,Very Good,E,SI2,63.1,57.0,5.09,5.05,3.2,1249
1019,0.71,Very Good,D,VS2,63.8,58.0,5.64,5.67,3.62,3199
1647,0.33,Premium,G,VVS2,60.9,60.0,4.47,4.49,2.73,866
1504,1.01,Good,E,SI1,63.7,58.0,6.26,6.31,4.0,4619
959,0.31,Ideal,G,IF,62.1,56.0,4.34,4.37,2.71,924
1864,0.9,Very Good,H,VS2,62.1,57.0,6.15,6.19,3.83,4290
283,0.3,Very Good,G,VVS2,63.1,57.0,4.29,4.26,2.7,878
797,0.31,Ideal,G,VVS2,61.6,56.0,4.37,4.38,2.69,708
1611,1.7,Premium,H,VS2,62.8,60.0,7.44,7.49,4.69,14803
225,0.9,Very Good,I,VS2,62.9,58.0,6.1,6.17,3.85,3541
26,0.71,Ideal,E,SI1,61.7,56.0,5.74,5.76,3.55,2404
1754,1.11,Ideal,H,VS2,61.3,56.0,6.69,6.66,4.09,4955
437,0.55,Ideal,D,VS2,61.8,56.0,5.26,5.3,3.26,1704
1929,0.54,Ideal,G,VS1,60.6,56.0,5.27,5.32,3.21,1842
1388,0.9,Very Good,G,VVS1,61.9,59.0,6.18,6.16,3.82,5252
229,0.31,Ideal,G,IF,61.0,56.0,4.37,4.38,2.67,988
37,0.35,Ideal,F,VS2,61.4,56.0,4.53,4.55,2.79,806
749,1.09,Ideal,E,SI1,61.6,57.0,6.62,6.6,4.07,6892
1045,0.71,Ideal,E,VS2,62.1,56.0,5.72,5.76,3.56,2697
1398,1.09,Very Good,D,VS2,63.1,56.0,6.52,6.55,4.12,7149
469,1.22,Very Good,H,SI2,61.1,60.0,6.85,6.91,4.21,5413
1677,0.31,Premium,H,VVS1,61.3,59.0,4.36,4.32,2.66,907
1948,0.53,Very Good,D,VS1,62.8,57.0,5.14,5.19,3.24,1873
687,1.2,Ideal,G,VVS2,61.8,55.0,6.78,6.81,4.19,9495
1827,0.39,Premium,E,VS1,61.5,59.0,4.73,4.7,2.89,1060
639,0.5,Ideal,E,VS1,61.5,55.0,5.14,5.11,3.15,1758
1697,1.04,Very Good,H,SI1,62.4,54.0,6.47,6.49,4.04,4106
1218,0.7,Premium,G,SI1,62.4,55.0,5.67,5.63,3.52,2211
1158,2.06,Premium,H,VS1,61.8,61.0,8.22,8.18,5.06,17995
1415,0.4,Very Good,E,SI1,62.9,56.0,4.7,4.72,2.97,882
1527,0.9,Ideal,D,SI2,62.9,57.0,6.17,6.12,3.86,3673
1640,1.57,Very Good,E,SI2,59.5,58.0,7.59,7.54,4.53,9505
1300,0.33,Ideal,G,IF,60.6,57.0,4.47,4.49,2.72,984
1934,1.0,Very Good,D,SI1,59.8,54.0,6.51,6.5,3.89,5390
800,0.9,Good,G,SI1,63.5,58.0,6.05,6.1,3.86,3117
1603,0.52,Premium,G,SI1,62.1,58.0,5.17,5.2,3.22,1273
160,0.7,Premium,F,SI1,61.2,60.0,5.69,5.72,3.5,2509
956,1.09,Ideal,I,VS2,61.9,55.0,6.58,6.63,4.08,6449
1186,0.36,Ideal,F,SI1,61.7,55.0,4.57,4.6,2.83,683
821,0.9,Good,E,SI2,64.1,59.0,6.07,6.03,3.87,3160
1666,1.3,Premium,J,SI1,62.1,62.0,7.0,6.93,4.32,5134
877,1.0,Ideal,G,SI1,61.9,57.0,6.43,6.46,3.99,5248
913,0.41,Ideal,D,VS1,62.1,56.0,4.77,4.72,2.95,1140
152,0.55,Ideal,G,SI1,62.7,56.0,5.21,5.24,3.27,1273
1820,1.04,Very Good,H,VS2,62.6,56.0,6.45,6.48,4.05,5272
1760,0.7,Premium,D,SI1,60.4,59.0,5.78,5.74,3.49,2509
509,0.51,Premium,F,SI1,61.7,59.0,5.13,5.16,3.16,1356
1135,2.04,Very Good,I,SI2,63.5,58.0,8.08,8.03,5.09,17203
1250,0.73,Premium,E,SI1,58.7,59.0,5.92,5.86,3.45,2699
1778,0.72,Ideal,H,SI1,61.2,57.0,5.75,5.79,3.53,2337
103,0.7,Good,E,SI1,61.5,56.0,5.64,5.74,3.5,2647
1445,0.3,Ideal,F,VVS1,62.2,55.0,4.3,4.34,2.69,955
1443,1.5,Good,G,VS1,64.1,59.0,7.19,7.25,4.61,12754
586,1.5,Premium,D,SI1,62.7,58.0,7.27,7.23,4.56,11525
1752,2.01,Premium,J,VS2,61.3,58.0,8.1,8.05,4.97,12931
1143,0.33,Ideal,E,VS2,61.2,57.0,4.4,4.42,2.7,928
53,1.01,Ideal,E,SI2,62.3,57.0,6.42,6.45,4.01,4989
151,0.71,Very Good,G,SI2,62.5,59.0,5.68,5.72,3.56,2081
403,0.74,Very Good,E,SI1,62.0,58.0,5.75,5.79,3.58,2800
1923,0.53,Ideal,H,VS1,62.0,54.0,5.21,5.23,3.24,1350
207,1.36,Ideal,E,VVS1,62.1,58.0,7.03,7.06,4.39,15193
1877,1.11,Ideal,F,SI1,61.3,54.0,6.67,6.7,4.1,7877
1122,0.36,Good,E,VS2,64.2,56.0,4.49,4.53,2.91,723
1734,1.82,Premium,H,SI1,62.2,58.0,7.85,7.74,4.84,13869
8,0.3,Ideal,F,IF,62.0,56.0,4.35,4.37,2.7,886
1014,0.7,Ideal,F,SI1,61.7,55.0,5.7,5.75,3.54,2720
1779,0.78,Very Good,F,SI2,62.8,56.0,5.89,5.82,3.68,2423
1060,0.3,Ideal,E,VVS1,61.1,57.0,4.36,4.39,2.67,862
452,1.51,Premium,G,SI1,59.7,59.0,7.53,7.43,4.44,11209
253,0.91,Premium,I,SI2,62.8,59.0,6.14,6.18,3.86,2981
1327,0.9,Very Good,H,SI2,62.8,55.0,6.17,6.25,3.9,3998
896,0.32,Ideal,F,VVS1,61.6,54.0,4.39,4.42,2.71,871
1717,0.5,Very Good,F,SI2,61.0,55.0,5.18,5.15,3.14,1157
880,0.72,Ideal,E,VS2,61.7,56.0,5.8,5.77,3.56,3018
1595,1.22,Premium,F,SI2,61.6,58.0,6.91,6.84,4.24,5387
1871,0.27,Good,F,VS1,61.3,64.0,4.15,4.18,2.56,415
623,0.3,Ideal,H,VS1,62.3,56.0,4.28,4.31,2.67,524
345,0.37,Ideal,D,SI2,60.7,57.0,4.66,4.63,2.82,571
1962,1.53,Premium,F,SI2,61.8,57.0,7.4,7.35,4.56,8752
262,1.51,Ideal,H,VS2,60.2,58.0,7.44,7.37,4.47,11430
1634,2.03,Premium,J,VS1,62.2,58.0,8.14,8.1,5.04,14414
1321,0.7,Ideal,D,SI1,60.3,56.0,5.76,5.8,3.48,3360
1438,0.9,Good,D,SI2,62.6,58.0,6.08,6.12,3.83,3715
150,1.21,Premium,I,SI1,61.5,58.0,6.84,6.79,4.19,5625
472,0.75,Ideal,D,VS2,61.6,57.0,5.85,5.9,3.62,3373
640,0.31,Ideal,E,VS2,62.0,54.0,4.33,4.37,2.7,680
1963,0.9,Premium,I,SI2,62.7,59.0,6.03,5.98,3.78,3703
1865,1.21,Premium,G,SI1,62.8,57.0,6.78,6.71,4.24,6416
550,0.43,Ideal,F,VVS1,61.1,57.0,4.84,4.87,2.97,1321
1763,0.6,Ideal,E,SI1,62.0,55.0,5.39,5.44,3.35,1651
928,0.43,Good,F,VS1,60.1,61.5,4.88,4.93,2.95,1193
488,0.3,Ideal,G,SI2,62.5,57.0,4.24,4.28,2.66,394
1888,2.22,Premium,D,SI2,62.2,59.0,8.32,8.36,5.18,17608
1171,0.74,Ideal,E,VS2,61.0,56.0,5.83,5.86,3.57,3216
146,0.72,Ideal,E,SI1,62.3,55.0,5.71,5.74,3.57,2476
1689,1.51,Premium,G,VS1,60.1,57.0,7.48,7.45,4.49,14103
1909,1.01,Ideal,H,SI2,59.6,60.0,6.54,6.51,3.88,3955
402,0.42,Premium,F,SI1,62.8,59.0,4.75,4.73,2.98,773
954,1.21,Very Good,D,SI1,60.0,58.0,6.92,6.96,4.16,7451
1860,0.39,Very Good,G,VS2,60.8,59.0,4.7,4.73,2.87,798
659,0.71,Very Good,H,VS1,61.8,58.0,5.73,5.77,3.55,2913
1372,1.08,Premium,E,SI2,61.1,60.0,6.66,6.59,4.04,5026
463,1.5,Premium,G,SI1,61.2,58.0,7.38,7.42,4.52,12009
1349,1.01,Very Good,G,SI1,63.5,60.0,6.36,6.31,4.02,4631
186,0.71,Ideal,F,SI1,62.7,55.0,5.7,5.74,3.59,2170
1147,0.93,Premium,D,SI2,62.2,58.0,6.25,6.21,3.87,4327
1224,0.32,Good,J,VS1,63.1,58.0,4.33,4.35,2.73,449
608,1.02,Premium,H,SI1,59.4,62.0,6.58,6.54,3.89,4620
143,0.52,Premium,J,SI2,58.1,59.0,5.26,5.31,3.05,923
751,1.01,Premium,I,SI1,61.6,56.0,6.5,6.46,3.99,4404
1534,0.72,Very Good,F,VS2,62.9,59.0,5.68,5.71,3.58,2802
981,1.01,Premium,G,SI1,62.9,60.0,6.27,6.39,3.99,4739
197,2.32,Premium,J,VS2,61.2,58.0,8.6,8.56,5.22,17666
1633,1.39,Ideal,D,VS2,61.5,56.0,7.21,7.25,4.46,12012
883,0.3,Ideal,G,VVS2,61.1,56.0,4.32,4.35,2.65,508
279,0.27,Ideal,E,VS1,62.1,56.0,4.11,4.15,2.56,470
293,0.31,Ideal,G,VVS1,61.3,57.0,4.34,4.37,2.67,789
1807,0.7,Ideal,G,SI1,61.3,56.0,5.75,5.79,3.54,2145
400,1.16,Premium,I,SI1,62.1,59.0,6.73,6.68,4.17,4644
122,1.52,Premium,G,VS1,61.7,58.0,7.36,7.38,4.55,13324
1207,1.02,Ideal,I,VS1,62.1,60.0,6.41,6.38,3.98,4241
202,0.7,Ideal,F,SI1,61.7,57.0,5.71,5.76,3.54,2444
1462,0.7,Premium,H,VS2,61.1,59.0,5.76,5.68,3.5,2010
835,0.51,Ideal,E,SI1,61.3,56.0,5.12,5.14,3.15,1656
246,0.3,Premium,E,VVS2,61.6,58.0,4.33,4.37,2.68,669
1439,1.03,Very Good,H,VS2,63.0,56.0,6.4,6.45,4.04,5469
1737,0.5,Ideal,E,SI2,61.0,56.0,5.17,5.15,3.15,1203
1883,1.01,Very Good,D,SI1,62.4,61.0,6.34,6.39,3.97,5947
1863,0.7,Very Good,I,VVS2,62.2,59.0,5.67,5.7,3.54,2327
1153,1.18,Ideal,E,SI2,61.7,55.0,6.84,6.8,4.21,4969
1661,0.91,Very Good,D,SI1,62.8,63.0,6.05,6.0,3.79,3919
1426,2.02,Very Good,I,SI2,62.9,59.0,7.94,8.03,5.02,13400
384,1.65,Very Good,G,VS2,61.9,58.0,7.55,7.61,4.7,15312
1742,0.36,Ideal,E,SI1,62.7,55.0,4.55,4.49,2.84,755
854,0.72,Ideal,F,VS2,62.5,57.0,5.73,5.69,3.56,2867
1589,0.52,Premium,D,VS2,62.0,60.0,5.08,5.12,3.16,1786
219,1.52,Premium,E,SI2,59.3,60.0,7.51,7.46,4.43,8291
641,0.41,Very Good,F,VS1,62.8,57.0,4.69,4.72,2.96,1007
1,2.03,Very Good,J,SI2,62.0,58.0,8.06,8.12,5.05,13387
112,0.41,Premium,G,VS2,61.1,60.0,4.79,4.76,2.91,1061
698,0.91,Premium,E,SI1,62.9,59.0,6.18,6.12,3.86,4209
1896,0.37,Ideal,E,VS1,61.9,54.0,4.64,4.67,2.88,947
951,1.73,Ideal,G,VS1,60.3,58.0,7.79,7.74,4.68,17009
1648,0.65,Premium,G,VS1,60.6,60.0,5.61,5.58,3.39,1884
1636,0.33,Ideal,I,VVS2,61.7,56.0,4.44,4.47,2.75,743
1732,0.73,Ideal,E,VS2,59.8,57.0,5.83,5.89,3.51,3091
1410,1.51,Premium,E,SI2,62.9,58.0,7.27,7.22,4.55,9411
1409,1.01,Ideal,E,VS2,61.4,55.0,6.45,6.49,3.97,6640
1533,1.06,Very Good,G,VS1,61.0,57.0,6.59,6.66,4.04,6504
1291,0.7,Very Good,E,VS2,63.4,56.0,5.58,5.61,3.55,2610
1811,2.21,Very Good,H,SI2,60.9,58.0,8.33,8.37,5.1,15426
441,0.54,Ideal,E,VS2,61.2,56.0,5.25,5.28,3.22,1845
1520,1.01,Good,G,SI1,64.3,59.0,6.27,6.33,4.05,4033
1136,1.01,Very Good,D,SI2,61.2,58.0,6.41,6.44,3.94,5204
1715,0.52,Premium,G,SI2,61.3,60.0,5.19,5.17,3.17,1199
1256,0.7,Very Good,I,SI1,63.5,57.0,5.67,5.63,3.59,1889
1847,1.3,Ideal,H,VS2,62.0,57.0,6.95,6.92,4.3,8061
1631,0.9,Very Good,E,SI1,62.3,61.0,6.13,6.17,3.84,3800
1695,0.3,Premium,E,VS2,62.0,58.0,4.31,4.29,2.67,911
1397,1.26,Ideal,F,VVS1,61.3,55.0,7.03,6.99,4.29,15014
663,0.52,Ideal,G,VS1,61.7,55.0,5.19,5.16,3.2,1581
1819,1.09,Ideal,H,SI1,61.8,56.0,6.59,6.64,4.09,4771
1257,0.31,Premium,D,VS1,61.5,59.0,4.34,4.35,2.67,949
1789,1.0,Premium,F,SI1,62.1,59.0,6.34,6.3,3.92,4742
1700,1.14,Ideal,F,VS2,59.4,57.0,6.84,6.79,4.04,8296
317,0.51,Good,D,IF,63.1,58.0,5.06,5.11,3.21,2139
648,2.01,Premium,H,VS2,62.0,58.0,8.04,8.01,5.0,18552
1434,1.02,Ideal,E,SI2,62.3,55.0,6.44,6.41,4.0,3996
1479,0.71,Very Good,E,SI2,63.0,58.0,5.66,5.69,3.57,2381
709,1.07,Ideal,I,SI1,62.1,54.0,6.59,6.56,4.08,5141
1382,0.53,Ideal,H,VS1,61.6,55.0,5.22,5.24,3.22,1580
1282,1.51,Ideal,I,SI2,61.3,56.0,7.45,7.41,4.54,7695
972,1.01,Ideal,D,SI1,62.1,56.0,6.43,6.41,3.99,5812
627,1.02,Premium,I,SI1,62.7,58.0,6.41,6.37,4.0,4153
632,0.3,Very Good,E,VS2,62.1,59.0,4.26,4.3,2.66,598
1306,0.3,Ideal,G,VS1,62.0,55.0,4.28,4.31,2.66,605
1400,0.33,Ideal,G,IF,60.8,57.0,4.49,4.51,2.73,979
1408,1.59,Premium,J,VS1,60.9,59.0,7.56,7.5,4.58,9370
1248,0.33,Ideal,D,SI1,60.9,57.0,4.43,4.39,2.69,780
1933,0.4,Ideal,G,SI1,62.6,57.0,4.73,4.76,2.96,882
1254,0.51,Premium,E,VS2,61.6,56.0,5.18,5.15,3.18,1846
1496,1.01,Very Good,I,SI2,61.2,57.0,6.41,6.47,3.94,3671
1371,2.14,Ideal,H,SI2,61.9,57.0,8.21,8.26,5.09,14579
1529,0.32,Premium,G,VS2,61.5,58.0,4.44,4.42,2.72,720
1663,0.53,Ideal,E,SI1,61.8,56.0,5.21,5.17,3.2,1637
1354,0.38,Ideal,H,VS1,61.7,56.0,4.69,4.65,2.88,1046
1906,1.05,Premium,F,SI1,62.4,59.0,6.55,6.47,4.06,5186
1882,0.78,Ideal,E,SI2,61.3,59.0,5.92,5.95,3.63,10003
1643,0.52,Good,H,VS1,63.8,59.0,5.11,5.07,3.25,1392
1832,1.14,Very Good,H,SI1,63.3,57.0,6.62,6.57,4.17,5123
795,1.06,Premium,F,SI2,60.5,58.0,6.6,6.59,3.99,4007
645,0.52,Ideal,G,VS2,60.9,57.0,5.17,5.21,3.16,1581
1012,0.41,Ideal,G,VS2,61.0,56.0,4.79,4.82,2.93,1061
1823,0.35,Ideal,J,VS1,62.3,56.0,4.56,4.54,2.83,569
556,0.51,Ideal,D,SI1,61.5,56.0,5.12,5.14,3.15,1630
681,0.4,Ideal,D,VVS1,60.9,57.0,4.77,4.74,2.9,1333
577,0.9,Very Good,E,SI2,62.7,58.0,6.16,6.13,3.86,3246
1109,1.51,Ideal,I,SI1,62.4,57.0,7.31,7.35,4.57,8726
1266,1.52,Premium,H,VS1,59.1,60.0,7.48,7.45,4.43,11815
1722,1.22,Premium,H,SI1,62.9,58.0,6.81,6.77,4.26,7079
1183,0.9,Very Good,F,SI1,62.1,62.0,6.13,6.06,3.78,4009
524,0.5,Ideal,E,SI1,62.5,57.0,5.13,5.08,3.19,1438
1059,0.73,Premium,H,SI1,62.0,59.0,5.75,5.77,3.57,2351
540,1.08,Ideal,G,VVS2,62.9,56.0,6.56,6.52,4.12,8873
1194,0.35,Ideal,E,VVS1,62.1,55.0,4.52,4.55,2.81,1000
1678,0.41,Ideal,D,SI1,61.0,56.0,4.79,4.82,2.93,810
748,0.34,Very Good,E,VS1,60.4,58.0,4.49,4.54,2.72,805
1835,1.51,Ideal,I,VVS2,61.9,58.0,7.29,7.31,4.54,11088
1430,1.17,Ideal,F,VS1,62.1,55.0,6.74,6.77,4.2,8286
484,0.65,Very Good,G,SI2,62.1,58.0,5.54,5.61,3.43,1249
1757,1.13,Ideal,G,VS2,61.5,56.0,6.72,6.77,4.14,7192
95,0.59,Very Good,E,VVS2,61.1,57.0,5.43,5.46,3.33,2314
1020,0.32,Ideal,H,VS2,62.6,54.0,4.34,4.39,2.73,648
563,0.34,Ideal,D,SI2,61.6,57.0,4.48,4.44,2.75,650
1264,1.03,Premium,G,SI1,62.5,59.0,6.41,6.38,4.0,4218
742,0.52,Very Good,G,SI1,62.8,54.0,5.1,5.14,3.21,1249
863,0.58,Ideal,D,VS1,62.0,57.0,5.32,5.35,3.31,1902
1598,0.78,Ideal,G,VS2,61.6,57.0,5.87,5.91,3.62,3138
1714,0.42,Premium,E,SI1,60.3,58.0,4.82,4.85,2.92,852
1484,1.03,Premium,F,SI1,62.0,59.0,6.48,6.44,4.0,5433
891,0.52,Ideal,F,VS2,60.9,57.0,5.19,5.21,3.17,1605
1577,0.34,Ideal,G,VS2,61.8,56.0,4.48,4.46,2.76,596
1038,1.5,Premium,I,VS1,62.0,58.0,7.3,7.24,4.48,8767
206,0.7,Very Good,F,SI1,61.3,59.0,5.7,5.75,3.51,2409
392,0.34,Ideal,E,VVS1,61.4,57.0,4.47,4.52,2.76,1017
794,0.6,Very Good,E,VS1,63.7,57.0,5.37,5.33,3.42,2065
870,0.55,Ideal,F,SI1,61.7,56.0,5.22,5.26,3.23,1428
397,1.04,Premium,I,VS1,61.6,59.0,6.5,6.54,4.01,5139
766,1.52,Fair,I,VVS2,65.4,56.0,7.17,7.1,4.68,9550
1825,0.77,Ideal,D,SI1,61.6,56.0,5.87,5.89,3.62,3514
1241,1.51,Premium,E,VS2,61.5,59.0,7.37,7.31,4.51,14844
1028,0.3,Ideal,E,SI1,62.2,54.0,4.3,4.32,2.68,564
1792,0.76,Very Good,E,SI1,60.0,59.0,5.9,5.93,3.55,2668
642,0.31,Ideal,H,VVS2,62.5,57.0,4.27,4.29,2.68,625
1874,1.51,Good,F,SI1,62.6,60.0,7.26,7.3,4.56,10701
612,1.2,Premium,G,VS2,59.5,59.0,6.99,6.95,4.15,6692
1762,0.33,Ideal,F,VVS2,61.9,56.0,4.44,4.42,2.74,1040
960,0.41,Premium,F,VS2,61.0,57.0,4.84,4.79,2.93,1107
1570,0.31,Premium,H,VS1,62.1,58.0,4.33,4.31,2.69,698
725,2.03,Ideal,H,SI2,62.1,57.0,8.14,8.06,5.03,12631
683,1.01,Premium,H,VS2,60.9,58.0,6.46,6.41,3.91,5128
98,1.51,Ideal,G,VS2,62.6,57.0,7.25,7.29,4.56,13254
804,1.51,Ideal,H,VS2,61.6,57.0,7.37,7.32,4.52,11434
1751,0.3,Ideal,E,VVS2,62.2,56.0,4.29,4.27,2.66,1013
1597,0.71,Ideal,D,VS2,62.4,56.0,5.67,5.71,3.55,3182
406,1.01,Ideal,D,SI1,60.3,57.0,6.53,6.58,3.94,5544
502,1.03,Ideal,F,VS2,62.3,55.0,6.52,6.45,4.04,6261
1071,1.0,Premium,F,VVS2,60.4,58.0,6.54,6.5,3.94,9120
1056,1.2,Very Good,G,VVS1,60.8,58.0,6.86,6.93,4.19,8232
929,0.54,Ideal,D,SI2,62.1,56.0,5.25,5.23,3.25,2376
779,1.53,Premium,F,SI1,61.6,58.0,7.37,7.41,4.56,10880
200,2.24,Ideal,H,SI2,62.2,55.0,8.37,8.32,5.24,17162
134,0.43,Ideal,J,VS1,61.7,55.0,4.85,4.83,2.98,849
1051,1.01,Premium,F,VS2,62.5,61.0,6.34,6.37,3.98,6125
40,0.7,Very Good,D,VS2,62.1,58.0,5.65,5.68,3.52,3303
1017,1.2,Very Good,G,SI1,60.8,62.0,6.88,6.83,4.16,6596
230,2.43,Very Good,J,SI2,62.3,56.0,8.56,8.49,5.34,12654
1513,1.0,Very Good,E,SI1,62.8,58.0,6.4,6.34,4.0,8467
1796,0.73,Premium,D,SI1,61.3,59.0,5.78,5.76,3.54,2904
378,1.01,Ideal,G,SI2,62.1,59.0,6.36,6.42,3.97,4269
288,0.3,Ideal,D,SI1,62.3,55.0,4.3,4.28,2.67,709
418,0.31,Ideal,G,VS2,61.8,56.0,4.34,4.36,2.7,492
1698,0.55,Ideal,G,VS1,60.8,57.0,5.31,5.35,3.24,1873
391,1.05,Ideal,D,VS2,61.5,56.0,6.57,6.49,4.02,6659
592,0.52,Ideal,F,SI1,60.4,57.0,5.2,5.24,3.15,1326
1522,0.33,Very Good,E,SI1,62.0,56.0,4.43,4.41,2.74,579
1162,0.79,Premium,F,VS2,62.1,58.0,5.92,5.95,3.68,3543
1086,0.4,Ideal,E,SI1,62.2,55.0,4.69,4.66,2.9,882
1495,0.52,Ideal,D,VS1,61.6,55.0,5.16,5.19,3.19,1857
647,0.71,Premium,E,SI1,62.4,58.0,5.68,5.67,3.54,2605
1152,1.17,Good,F,VS2,63.7,55.0,6.73,6.69,4.28,6798
1367,1.5,Ideal,G,SI1,61.2,56.0,7.39,7.32,4.5,10082
520,0.9,Very Good,J,SI2,62.7,56.0,6.07,6.1,3.83,2000
64,0.35,Ideal,G,VS1,60.8,57.0,4.61,4.57,2.79,906
1836,0.32,Ideal,G,VVS1,59.7,57.0,4.49,4.47,2.68,1080
14,1.01,Good,H,SI1,62.6,59.0,6.34,6.4,3.99,4612
1180,0.73,Fair,D,SI1,63.8,58.0,5.66,5.77,3.62,2907
1064,0.7,Ideal,F,SI1,61.9,56.0,5.74,5.69,3.54,2803
492,0.56,Ideal,G,SI1,62.5,57.0,5.23,5.25,3.28,1345
379,0.32,Ideal,E,VS2,62.2,54.2,4.42,4.45,2.76,846
187,1.61,Very Good,H,SI1,61.2,56.0,7.54,7.64,4.64,9218
763,0.91,Very Good,I,SI1,63.6,57.0,6.1,6.06,3.86,3105
216,0.76,Ideal,H,IF,61.3,56.0,5.85,5.91,3.6,3347
791,0.77,Ideal,I,VS2,62.5,56.0,5.87,5.91,3.69,3163
1076,1.2,Ideal,F,VVS1,62.1,56.0,6.82,6.81,4.23,12401
878,0.74,Ideal,D,SI2,62.1,55.0,5.79,5.76,3.58,2726
337,0.34,Ideal,G,VS2,62.0,55.0,4.48,4.5,2.78,616
1772,0.3,Very Good,I,VS1,63.8,58.0,4.26,4.31,2.73,473
719,0.31,Good,E,SI1,63.2,55.0,4.35,4.33,2.74,698
1748,1.54,Premium,H,VS2,62.4,58.0,7.38,7.31,4.58,10316
295,0.41,Ideal,D,VS2,61.9,56.0,4.8,4.78,2.96,1076
1725,1.25,Premium,H,SI2,61.3,60.0,6.99,6.92,4.26,4980
1016,0.76,Ideal,E,VS2,61.7,56.0,5.82,5.87,3.61,2964
1275,0.52,Premium,D,SI1,62.6,58.0,5.13,5.17,3.22,1550
1750,1.22,Premium,G,SI2,60.2,58.0,6.99,6.95,4.18,5183
1485,0.35,Ideal,G,IF,61.5,56.0,4.53,4.55,2.79,946
455,0.41,Ideal,G,VS2,61.8,56.0,4.77,4.75,2.95,1061
1977,0.3,Very Good,E,SI1,62.9,58.0,4.27,4.3,2.69,499
815,1.01,Premium,G,SI1,62.7,58.0,6.39,6.31,3.98,4719
269,0.31,Ideal,D,VVS2,62.6,57.0,4.3,4.32,2.7,816
995,0.39,Ideal,J,VS2,61.4,53.8,4.69,4.74,2.9,731
201,0.7,Premium,H,VS2,61.7,59.0,5.71,5.7,3.52,2444
161,1.01,Premium,F,VS2,62.0,59.0,6.4,6.36,3.96,6077
1579,0.34,Ideal,E,SI1,62.1,56.0,4.48,4.46,2.77,798
729,1.02,Fair,G,SI2,66.3,67.0,6.26,6.22,4.18,3142
401,0.52,Ideal,E,VS2,61.8,56.0,5.1,5.16,3.17,1689
702,1.3,Ideal,G,VVS2,62.0,57.0,7.02,6.98,4.34,10043
1500,2.04,Ideal,H,SI2,62.2,57.0,8.13,8.08,5.04,15393
1845,1.5,Good,D,SI1,64.0,58.0,7.23,7.27,4.64,10888
1795,0.21,Very Good,E,VS2,63.7,55.0,3.84,3.88,2.4,367
1129,0.51,Good,E,SI1,63.9,55.0,5.05,5.09,3.24,1546
565,0.41,Ideal,G,VS2,61.1,56.0,4.81,4.86,2.95,863
1413,0.36,Very Good,G,SI1,63.1,57.0,4.55,4.58,2.88,708
1021,1.21,Premium,H,SI1,61.5,58.0,6.88,6.84,4.21,5787
1025,0.9,Fair,D,SI1,65.2,57.0,6.04,6.1,4.01,3373
1411,0.72,Very Good,H,VS2,62.9,56.0,5.7,5.75,3.6,2450
1585,0.9,Very Good,H,SI1,61.8,61.0,6.13,6.05,3.77,3435
1104,1.01,Very Good,G,VS2,60.4,60.0,6.47,6.51,3.92,5551
205,1.67,Ideal,E,SI2,61.2,57.0,7.64,7.59,4.67,10446
34,0.41,Ideal,D,VS1,62.9,54.0,4.73,4.76,2.98,1067
775,0.51,Premium,F,SI2,61.7,58.0,5.13,5.09,3.15,1111
508,0.51,Very Good,G,VS2,62.8,57.0,5.05,5.08,3.17,1438
1451,0.71,Very Good,I,SI1,62.1,53.0,5.69,5.76,3.55,2321
1478,0.51,Premium,D,VS1,62.0,59.0,5.08,5.14,3.16,1837
1951,1.06,Ideal,G,VS1,60.9,57.0,6.58,6.61,4.03,8049
1390,0.41,Premium,D,VS2,61.0,59.0,4.8,4.77,2.92,1253
91,1.48,Very Good,I,SI2,62.3,62.0,7.17,7.23,4.49,7270
1363,0.71,Good,H,SI1,63.0,61.0,5.61,5.64,3.55,2207
897,1.01,Ideal,H,SI1,62.1,54.0,6.44,6.49,4.01,4939
564,0.41,Ideal,D,VS2,62.2,55.0,4.75,4.8,2.97,983
1369,0.31,Ideal,F,VVS1,62.1,54.0,4.38,4.38,2.72,840
776,1.06,Ideal,F,VS2,59.7,55.0,6.74,6.64,3.99,6640
241,1.04,Ideal,D,VS2,62.2,56.0,6.49,6.44,4.02,6762
13,0.31,Ideal,G,VVS1,61.8,56.0,4.37,4.39,2.71,789
315,0.9,Premium,D,SI2,59.6,59.0,6.26,6.3,3.74,3313
600,0.92,Very Good,D,SI2,62.3,57.0,6.24,6.26,3.9,4158
387,0.35,Premium,F,VS2,59.8,58.0,4.55,4.59,2.72,746
1297,0.76,Ideal,E,VS2,60.2,61.0,5.96,5.92,3.57,3246
166,0.74,Premium,D,SI2,61.9,59.0,5.81,5.77,3.59,2686
840,0.73,Ideal,I,SI1,61.1,56.0,5.84,5.8,3.56,2140
20,0.7,Ideal,F,VS1,62.2,56.0,5.67,5.72,3.54,3018
646,2.02,Premium,H,SI1,62.5,58.0,8.13,8.07,5.05,16397
1842,2.01,Very Good,F,SI2,61.1,60.0,8.07,8.15,4.92,16603
1508,1.51,Premium,G,SI2,62.6,61.0,7.31,7.28,4.57,7695
1154,1.5,Very Good,H,VS1,61.9,59.0,7.29,7.33,4.54,10789
1528,0.32,Very Good,G,VS2,61.9,56.0,4.37,4.4,2.71,720
831,0.3,Very Good,G,SI2,61.9,58.0,4.29,4.33,2.67,394
1267,0.34,Premium,E,SI1,62.3,58.0,4.48,4.44,2.78,765
1590,0.7,Ideal,F,SI1,62.8,55.0,5.64,5.71,3.56,2404
1899,1.21,Ideal,H,SI1,62.9,56.0,6.78,6.81,4.27,5019
562,1.59,Premium,G,VS1,59.7,60.0,7.61,7.58,4.53,16942
1932,0.4,Ideal,D,VS2,61.5,56.0,4.76,4.74,2.93,852
686,1.03,Premium,E,SI2,62.5,58.0,6.5,6.42,4.04,4441
957,0.3,Ideal,H,SI1,61.8,55.0,4.33,4.36,2.68,491
189,0.31,Premium,H,SI1,62.0,59.0,4.32,4.35,2.69,473
1806,0.72,Very Good,G,VS2,63.1,56.0,5.66,5.71,3.59,2647
975,0.54,Ideal,G,SI1,62.7,57.0,5.2,5.18,3.25,1308
699,0.8,Good,H,VS1,63.2,57.0,5.88,5.91,3.72,3011
1499,0.71,Ideal,G,VS2,61.8,57.0,5.71,5.75,3.53,2632
1705,0.72,Ideal,G,VVS2,61.5,57.0,5.76,5.74,3.53,3160
510,0.33,Premium,E,SI1,59.3,58.0,4.45,4.48,2.66,668
1082,0.32,Ideal,F,VS2,60.7,57.0,4.48,4.45,2.71,828
474,1.0,Very Good,G,VS1,63.5,54.0,6.32,6.28,4.0,5226
1584,1.2,Premium,I,VS2,62.5,57.6,6.8,6.77,4.24,5001
856,0.32,Ideal,E,IF,61.7,56.0,4.41,4.43,2.72,1214
747,0.53,Ideal,F,VS1,62.5,55.0,5.23,5.17,3.25,1698
252,1.01,Very Good,G,SI1,63.1,56.0,6.4,6.43,4.04,4579
21,0.39,Ideal,E,VS2,61.6,54.0,4.67,4.72,2.89,853
1337,0.74,Ideal,D,VS2,61.8,59.0,5.72,5.83,3.57,3742
459,0.31,Ideal,F,VVS2,60.4,55.0,4.43,4.46,2.68,787
1184,1.03,Very Good,H,SI1,62.2,56.0,6.5,6.44,4.03,5040
276,0.31,Good,F,SI2,63.6,56.0,4.31,4.35,2.75,408
955,0.49,Ideal,H,SI2,60.7,55.0,5.12,5.14,3.12,1020
1215,0.73,Very Good,G,VS2,62.1,59.0,5.78,5.73,3.58,2617
385,0.33,Ideal,G,VVS2,62.0,55.0,4.42,4.46,2.75,965
805,2.01,Very Good,H,SI2,61.0,60.0,8.09,8.13,4.94,11627
1437,0.41,Ideal,F,VVS1,61.4,56.0,4.77,4.8,2.94,1168
1515,0.38,Ideal,G,IF,62.1,55.0,4.64,4.66,2.89,1400
343,2.01,Premium,I,VS1,60.8,60.0,8.15,8.24,4.97,18181
769,0.54,Ideal,H,VS2,61.2,55.0,5.26,5.32,3.23,1375
1332,0.74,Ideal,F,VS1,61.3,57.0,5.79,5.83,3.57,3160
1685,0.35,Ideal,G,VS1,61.7,56.0,4.58,4.53,2.81,787
130,1.05,Ideal,I,SI1,62.4,57.0,6.48,6.51,4.05,4714
1687,1.02,Ideal,G,VVS2,62.0,58.0,6.41,6.45,3.99,8107
871,0.38,Ideal,E,SI1,62.4,54.0,4.61,4.64,2.89,834
1123,1.29,Ideal,G,VS2,62.4,58.0,6.93,6.96,4.34,7780
1396,1.06,Ideal,J,SI1,62.5,55.0,6.51,6.55,4.08,3959
87,0.31,Very Good,D,SI1,63.0,54.0,4.33,4.37,2.74,571
1482,0.31,Ideal,G,IF,61.7,56.0,4.38,4.35,2.69,988
330,0.31,Ideal,G,VVS1,62.3,56.0,4.31,4.34,2.7,816
1238,0.39,Very Good,F,VS1,62.7,56.0,4.65,4.69,2.92,885
466,1.01,Premium,G,SI1,62.7,56.0,6.41,6.37,4.01,5129
121,0.41,Ideal,G,VVS2,61.5,55.0,4.8,4.82,2.96,1077
1638,0.32,Very Good,E,SI1,62.3,58.0,4.37,4.4,2.73,561
1044,1.52,Very Good,G,VS1,63.0,57.0,7.24,7.32,4.59,13012
1724,0.31,Ideal,G,VS2,62.1,54.0,4.32,4.35,2.69,544
1095,1.04,Premium,F,SI1,62.1,59.0,6.49,6.52,4.03,5731
1130,0.77,Premium,E,SI2,62.0,59.0,5.82,5.78,3.6,2753
1294,0.41,Ideal,J,VS1,61.9,56.0,4.8,4.78,2.96,774
860,1.05,Ideal,F,SI2,60.9,56.0,6.6,6.54,3.99,3796
1459,0.3,Ideal,G,VS2,62.3,53.0,4.27,4.31,2.68,545
1126,0.39,Very Good,F,VS2,62.1,59.0,4.67,4.69,2.91,858
